district_name,main_category,area_km2,district_total_km2,district_pct
中山區,交通運輸,0.46515183058389087,12.196856475969188,3.8137025839432854
中山區,住宅,3.025369794659169,12.196856475969188,24.804504346016476
中山區,保護保育,1.937761037184638,12.196856475969188,15.88738082638346
中山區,公共事業設施,0.13189818507563145,12.196856475969188,1.0814113073766456
中山區,公共行政服務,0.7521108728950633,12.196856475969188,6.166432099753793
中山區,公園綠地遊憩,0.9342112910095679,12.196856475969188,7.659443175790372
中山區,商業服務,2.2772216297555397,12.196856475969188,18.67056183076539
中山區,工業產業,0.203962087980517,12.196856475969188,1.672251275419798
中山區,文化宗教保存,0.051575882279006786,12.196856475969188,0.4228620905773876
中山區,文教,0.5206410689957371,12.196856475969188,4.268649631333519
中山區,殯葬,0.02129904739875693,12.196856475969188,0.17462735124186546
中山區,水域水利,1.710769521998507,12.196856475969188,14.02631510315092
中山區,特殊專用,0.06034299126749729,12.196856475969188,0.49474216070663657
中山區,農業,0.10454123488566534,12.196856475969188,0.8571162175404566
中正區,交通運輸,0.12236720839780889,5.977739774302354,2.047048098745483
中正區,住宅,2.1034768936006287,5.977739774302354,35.188498881186575
中正區,保護保育,0.08835160809718204,5.977739774302354,1.4780102753384463
中正區,公共事業設施,0.16499023993726322,5.977739774302354,2.760077322979801
中正區,公共行政服務,0.6308850319454314,5.977739774302354,10.553905920387113
中正區,公園綠地遊憩,0.4423901824323028,5.977739774302354,7.400626309196154
中正區,商業服務,0.8393492524144007,5.977739774302354,14.041247764291628
中正區,工業產業,0.04611520611298984,5.977739774302354,0.7714488728872748
中正區,文化宗教保存,0.40264007384514233,5.977739774302354,6.735657439891374
中正區,文教,0.6201430006549115,5.977739774302354,10.374205369742558
中正區,水域水利,0.48370832383400575,5.977739774302354,8.091826377478235
中正區,特殊專用,0.033322753030287186,5.977739774302354,0.5574473678753638
信義區,交通運輸,0.1997782637732616,10.430297941810922,1.9153648811164818
信義區,住宅,3.197465698693058,10.430297941810922,30.655554774477604
信義區,保護保育,3.9634618255156813,10.430297941810922,37.999507278001495
信義區,公共事業設施,0.0038177008246531004,10.430297941810922,0.03660203041132175
信義區,公共行政服務,0.3356420466795015,10.430297941810922,3.2179526275471555
信義區,公園綠地遊憩,0.3895137155048379,10.430297941810922,3.734444765412041
信義區,商業服務,0.40384759591952857,10.430297941810922,3.8718701821609898
信義區,工業產業,0.2119419469284576,10.430297941810922,2.0319836318276825
信義區,文化宗教保存,0.014320926298173154,10.430297941810922,0.13730121975486673
信義區,文教,0.489033875261957,10.430297941810922,4.688589702712273
信義區,殯葬,3.72896596821839e-05,10.430297941810922,0.00035751289071719096
信義區,水域水利,0.027876757623938785,10.430297941810922,0.2672671267825623
信義區,特殊專用,1.1935602991281913,10.430297941810922,11.443204266904804
內湖區,交通運輸,0.5821773710425076,30.3160306180336,1.9203614694075326
內湖區,住宅,4.763499350983687,30.3160306180336,15.712806900749406
內湖區,保護保育,16.021412666905064,30.3160306180336,52.84798946394608
內湖區,公共事業設施,0.31225580979033424,30.3160306180336,1.0300022906184418
內湖區,公共行政服務,0.6578093980938519,30.3160306180336,2.169840129738329
內湖區,公園綠地遊憩,2.649446235824606,30.3160306180336,8.739423274789058
內湖區,商業服務,0.4481329773816819,30.3160306180336,1.4782046601942287
內湖區,工業產業,2.604830597509294,30.3160306180336,8.592254805151835
內湖區,文化宗教保存,0.0028779843154715587,30.3160306180336,0.009493275527171354
內湖區,文教,0.8368982857478796,30.3160306180336,2.760580025440559
內湖區,殯葬,0.04833507255647256,30.3160306180336,0.1594373391604911
內湖區,水域水利,1.1214222511445735,30.3160306180336,3.6991064736472836
內湖區,特殊專用,0.17413084626032319,30.3160306180336,0.5743853753622377
內湖區,農業,0.09280177047785354,30.3160306180336,0.30611451626734426
北投區,交通運輸,0.6932888093850803,56.09460076476979,1.2359278788565697
北投區,住宅,6.4335691919982185,56.09460076476979,11.469141600592016
北投區,保護保育,34.10028465835393,56.09460076476979,60.79067181768876
北投區,公共事業設施,0.15838039718976282,56.09460076476979,0.2823451723168937
北投區,公共行政服務,0.9834918608208356,56.09460076476979,1.7532736616578573
北投區,公園綠地遊憩,2.9833171835747465,56.09460076476979,5.31836779815076
北投區,商業服務,0.5966563168322911,56.09460076476979,1.0636608669956364
北投區,工業產業,0.7243385022350021,56.09460076476979,1.291280252216222
北投區,文化宗教保存,0.06378018695862209,56.09460076476979,0.11370111577419272
北投區,文教,1.6471857300084864,56.09460076476979,2.936442558733748
北投區,殯葬,0.5914917095955482,56.09460076476979,1.054453907383961
北投區,水域水利,2.1027047774138294,56.09460076476979,3.7484976249878814
北投區,特殊專用,0.014210346051211494,56.09460076476979,0.025332823226253
北投區,農業,5.001901094352227,56.09460076476979,8.916902921419258
南港區,交通運輸,0.7647733153198949,21.098596281135272,3.624759226298367
南港區,住宅,1.516675348243572,21.098596281135272,7.18851305572241
南港區,保護保育,11.771188121324156,21.098596281135272,55.791333055882205
南港區,公共事業設施,0.656695444079951,21.098596281135272,3.1125077485231425
南港區,公共行政服務,2.517360149577249,21.098596281135272,11.931410583120531
南港區,公園綠地遊憩,0.5703256642100252,21.098596281135272,2.7031450652476163
南港區,商業服務,0.508007809793731,21.098596281135272,2.407780133922711
南港區,工業產業,0.6407639125586625,21.098596281135272,3.036997836351719
南港區,文教,0.4053397507579827,21.098596281135272,1.9211692823394417
南港區,殯葬,0.26459625136322884,21.098596281135272,1.2540941010365239
南港區,水域水利,0.5660412754706085,21.098596281135272,2.6828385544147246
南港區,特殊專用,0.8835590230094627,21.098596281135272,4.18776212045667
南港區,農業,0.03327021542674767,21.098596281135272,0.15768923668393672
士林區,交通運輸,0.23245680852565595,58.80207784793034,0.3953207387106606
士林區,住宅,9.291233661073417,58.80207784793034,15.800859427283726
士林區,保護保育,38.401661482395696,58.80207784793034,65.3066403226554
士林區,公共事業設施,0.1605414552356291,58.80207784793034,0.2730200379156834
士林區,公共行政服務,0.7423638195173152,58.80207784793034,1.2624788896697878
士林區,公園綠地遊憩,2.4862662022958633,58.80207784793034,4.228194467422842
士林區,商業服務,0.8873515140485905,58.80207784793034,1.5090478883133933
士林區,工業產業,0.29351971601036253,58.80207784793034,0.4991655512062718
士林區,文化宗教保存,0.01341355937824216,58.80207784793034,0.022811369715422865
士林區,文教,1.5368870153499392,58.80207784793034,2.613661067087671
士林區,水域水利,4.698403308687355,58.80207784793034,7.990199463423766
士林區,特殊專用,0.0210733235635782,58.80207784793034,0.03583771923515441
士林區,農業,0.03690598184869823,58.80207784793034,0.06276305736022082
大同區,交通運輸,0.3592438653080978,4.033080166845128,8.907431800174601
大同區,住宅,1.0642531108652649,4.033080166845128,26.38809710786819
大同區,公共事業設施,0.10432607318697767,4.033080166845128,2.5867592230031624
大同區,公共行政服務,0.0578510182701248,4.033080166845128,1.434412803040776
大同區,公園綠地遊憩,0.06157361351507095,4.033080166845128,1.526714346549596
大同區,商業服務,0.8847603440336126,4.033080166845128,21.93758386721371
大同區,工業產業,0.009231191396943783,4.033080166845128,0.228886880871621
大同區,文化宗教保存,0.050154289706829926,4.033080166845128,1.2435728433849371
大同區,文教,0.36849626141658876,4.033080166845128,9.136844450697952
大同區,水域水利,0.726518955095869,4.033080166845128,18.013997367778273
大同區,特殊專用,0.3466714440497477,4.033080166845128,8.595699309417174
大安區,交通運輸,0.2538595522362461,9.650142645442573,2.630630049350982
大安區,住宅,4.257003693897865,9.650142645442573,44.113375836038024
大安區,保護保育,0.7589949468383914,9.650142645442573,7.865116348273239
大安區,公共事業設施,0.11337176214747903,9.650142645442573,1.1748195473672152
大安區,公共行政服務,0.2056981721943593,9.650142645442573,2.131555768157514
大安區,公園綠地遊憩,0.5133525579559683,9.650142645442573,5.319636992085365
大安區,商業服務,0.8768156632502428,9.650142645442573,9.086038367156494
大安區,文化宗教保存,0.008988305748067034,9.650142645442573,0.09314168793465347
大安區,文教,2.213988983215872,9.650142645442573,22.942551883017625
大安區,殯葬,0.030582635341708436,9.650142645442573,0.31691381635847166
大安區,特殊專用,0.4174863726163742,9.650142645442573,4.326219704260419
文山區,交通運輸,1.533957657343277,30.045844133445588,5.105390451106511
文山區,住宅,6.300140290433359,30.045844133445588,20.968424992328128
文山區,保護保育,12.696427094059107,30.045844133445588,42.25684935883048
文山區,公共事業設施,0.7903382481756585,30.045844133445588,2.6304411507476733
文山區,公共行政服務,0.314702239999275,30.045844133445588,1.0474068846312212
文山區,公園綠地遊憩,2.390977534052314,30.045844133445588,7.957764552838084
文山區,商業服務,0.7004016633545952,30.045844133445588,2.3311099539884177
文山區,文化宗教保存,0.005653741951287024,30.045844133445588,0.018817051457021807
文山區,文教,2.2763279851208313,30.045844133445588,7.576182499685315
文山區,殯葬,0.8543043949427863,30.045844133445588,2.8433363068399062
文山區,水域水利,1.951788175935254,30.045844133445588,6.496033751844626
文山區,特殊專用,0.002954398714226226,30.045844133445588,0.009832969581764993
文山區,農業,0.2278707093636184,30.045844133445588,0.7584100761208559
松山區,交通運輸,2.425486382561782,7.8266426287553825,30.99012562104794
松山區,住宅,2.3093758889526703,7.8266426287553825,29.50659687038649
松山區,公共事業設施,0.004973204978149241,7.8266426287553825,0.06354199640951405
松山區,公共行政服務,0.040644885736567916,7.8266426287553825,0.5193144450883327
松山區,公園綠地遊憩,0.14634912420822205,7.8266426287553825,1.8698838205609363
松山區,商業服務,0.6019529886573621,7.8266426287553825,7.691075435663358
松山區,工業產業,0.02006198724957016,7.8266426287553825,0.25632941481014676
松山區,文教,0.11057910750647817,7.8266426287553825,1.4128549462601796
松山區,水域水利,0.951709554811626,7.8266426287553825,12.159869818445637
松山區,特殊專用,1.2059162673885784,7.8266426287553825,15.407836087443116
松山區,農業,0.009593236704375977,7.8266426287553825,0.12257154388434781
萬華區,交通運輸,0.05317703827924112,6.540438925758882,0.8130499937826577
萬華區,住宅,1.6988518292501076,6.540438925758882,25.974584405327068
萬華區,公共事業設施,0.01738354739270257,6.540438925758882,0.2657856390071798
萬華區,公共行政服務,0.021236688934331067,6.540438925758882,0.32469822248003016
萬華區,公園綠地遊憩,0.2757665438337808,6.540438925758882,4.216330845131832
萬華區,商業服務,1.0414385521496168,6.540438925758882,15.923068221736807
萬華區,文化宗教保存,0.012502661813250195,6.540438925758882,0.19115936950362275
萬華區,文教,0.37963554654880943,6.540438925758882,5.804435311728877
萬華區,水域水利,2.8223359312210716,6.540438925758882,43.15208754729865
萬華區,特殊專用,0.218110586335971,6.540438925758882,3.3348004440032866
