編號,圖層,顏色,街廓編號,分區代碼,分區簡稱,使用分區
10,21,9,,I,工,工業區
11,26,10,,C,文教,文教區
12,49,7,,PW1,河川區,河川區
13,26,10,,C,文教,文教區
14,30,15,,K,保存,保存區
15,53,14,,S1,糧倉,糧倉專用區
16,30,15,,K,保存,保存區
17,30,15,,K,保存,保存區
18,53,3,,O1,機場專區,機場邊緣特定專用區
19,49,7,,PW1,河川區,河川區
20,27,82,,E,遊,遊樂區
21,27,82,,E,遊,遊樂區
22,11,3,,B,商,商業區
23,10,4,,R,住,住宅區
24,10,4,,R,住,住宅區
25,10,4,,R,住,住宅區
26,10,4,,R,住,住宅區
27,10,4,,R,住,住宅區
28,10,4,,R,住,住宅區
29,10,4,,R,住,住宅區
30,10,4,,R,住,住宅區
31,10,4,,R,住,住宅區
32,10,4,,R,住,住宅區
33,10,4,,R,住,住宅區
34,10,4,,R,住,住宅區
35,10,4,,R,住,住宅區
36,10,4,,R,住,住宅區
37,10,4,,R,住,住宅區
38,10,4,,R,住,住宅區
39,10,4,,R,住,住宅區
40,10,4,,R,住,住宅區
41,10,4,,R,住,住宅區
42,10,4,,R,住,住宅區
43,25,9,,IF,產服,產業服務區
44,25,9,,IF,產服,產業服務區
45,10,4,,R,住,住宅區
46,28,29,,F,娛,娛樂區
47,10,4,,R,住,住宅區
48,21,9,,I,工,工業區
49,21,9,,I,工,工業區
50,10,4,,R,住,住宅區
51,10,4,,R,住,住宅區
52,11,3,,B,商,商業區
53,11,3,,B,商,商業區
54,11,3,,B,商,商業區
55,11,3,,B,商,商業區
56,11,3,,B,商,商業區
57,11,3,,B,商,商業區
58,11,3,,B,商,商業區
59,11,3,,B,商,商業區
60,11,3,,B,商,商業區
61,10,4,,R,住,住宅區
62,11,3,,B,商,商業區
63,11,3,,B,商,商業區
64,10,4,,R,住,住宅區
65,21,9,,I,工,工業區
66,10,4,,R,住,住宅區
67,10,4,,R,住,住宅區
68,11,3,,B,商,商業區
69,21,9,,I,工,工業區
70,10,4,,R,住,住宅區
71,11,3,,B,商,商業區
72,10,4,,R,住,住宅區
73,10,4,,R,住,住宅區
74,31,14,,L,風,風景區
75,10,4,,R,住,住宅區
76,10,4,,R,住,住宅區
77,11,3,,B,商,商業區
78,10,4,,R,住,住宅區
79,10,4,,R,住,住宅區
80,10,4,,R,住,住宅區
81,11,3,,B,商,商業區
82,10,4,,R,住,住宅區
83,30,15,,K1,古蹟,古蹟用地
84,10,4,,R,住,住宅區
85,11,3,,B,商,商業區
86,10,4,,R,住,住宅區
87,11,3,,B,商,商業區
88,10,4,,R,住,住宅區
89,11,3,,B,商,商業區
90,10,4,,R,住,住宅區
91,11,3,,B,商,商業區
92,11,3,,B,商,商業區
93,10,4,,R,住,住宅區
94,10,4,,R,住,住宅區
95,11,3,,B,商,商業區
96,10,4,,R,住,住宅區
97,11,3,,B,商,商業區
98,10,4,,R,住,住宅區
99,10,4,,R,住,住宅區
100,26,10,,C,文教,文教區
101,26,10,,C,文教,文教區
102,26,10,,C,文教,文教區
103,10,4,,R,住,住宅區
104,10,4,,R,住,住宅區
105,10,4,,R,住,住宅區
106,10,4,,R,住,住宅區
107,10,4,,R,住,住宅區
108,10,4,,R,住,住宅區
109,10,4,,R,住,住宅區
110,10,4,,R,住,住宅區
111,11,3,,B,商,商業區
112,10,4,,R,住,住宅區
113,10,4,,R,住,住宅區
114,21,9,,I,工,工業區
115,10,4,,R,住,住宅區
116,11,3,,B,商,商業區
117,53,3,,D3,商務產業,商務產業專用區
118,21,9,,I,工,工業區
119,10,4,,R,住,住宅區
120,10,4,,R,住,住宅區
121,10,4,,R,住,住宅區
122,10,4,,R,住,住宅區
123,11,3,,B,商,商業區
124,10,4,,R,住,住宅區
125,10,4,,R,住,住宅區
126,10,4,,R,住,住宅區
127,10,4,,R,住,住宅區
128,10,4,,R,住,住宅區
129,10,4,,R,住,住宅區
130,10,4,,R,住,住宅區
131,10,4,,R,住,住宅區
132,30,15,,K,保存,保存區
133,10,4,,R,住,住宅區
134,10,4,,R,住,住宅區
135,49,7,,PW1,河川區,河川區
136,26,10,,C,文教,文教區
137,10,4,,R,住,住宅區
138,10,4,,R,住,住宅區
139,26,10,,C,文教,文教區
140,26,10,,C,文教,文教區
141,49,7,,PW1,河川區,河川區
142,49,7,,PW1,河川區,河川區
143,26,10,,C,文教,文教區
144,11,3,,B,商,商業區
145,10,4,,R,住,住宅區
146,49,7,,PW1,河川區,河川區
147,10,4,,R,住,住宅區
148,47,50,,T,保,保護區
149,10,4,,R,住,住宅區
150,10,4,,R,住,住宅區
151,10,4,,R,住,住宅區
152,41,10,,PSG,大學用地,大學用地
153,47,50,,T,保,保護區
154,11,3,,B,商,商業區
155,10,4,,R,住,住宅區
156,10,4,,R,住,住宅區
157,10,4,,R,住,住宅區
158,10,4,,R,住,住宅區
159,10,4,,R,住,住宅區
160,11,3,,B,商,商業區
161,11,3,,B,商,商業區
162,11,3,,B,商,商業區
163,11,3,,B,商,商業區
164,10,4,,R,住,住宅區
165,10,4,,R,住,住宅區
166,10,4,,R,住,住宅區
167,10,4,,R,住,住宅區
168,10,4,,R,住,住宅區
169,10,4,,R,住,住宅區
170,10,4,,R,住,住宅區
171,11,3,,B,商,商業區
172,11,3,,B,商,商業區
173,10,4,,R,住,住宅區
174,11,3,,B,商,商業區
175,10,4,,R,住,住宅區
176,11,3,,B,商,商業區
177,10,4,,R,住,住宅區
178,10,4,,R,住,住宅區
179,10,4,,R,住,住宅區
180,10,4,,R,住,住宅區
181,10,4,,R,住,住宅區
182,30,15,,K,保存,保存區
183,10,4,,R,住,住宅區
184,10,4,,R,住,住宅區
185,10,4,,R,住,住宅區
186,10,4,,R,住,住宅區
187,10,4,,R,住,住宅區
188,10,4,,R,住,住宅區
189,10,4,,R,住,住宅區
190,47,50,,T,保,保護區
191,47,50,,T,保,保護區
192,47,50,,T,保,保護區
193,10,4,,R,住,住宅區
194,47,50,,T,保,保護區
195,47,50,,T,保,保護區
196,47,50,,T,保,保護區
197,47,50,,T,保,保護區
198,47,50,,T,保,保護區
199,47,50,,T,保,保護區
200,47,50,,T,保,保護區
201,52,14,,A,農,農業區
202,47,50,,T,保,保護區
203,10,4,,R,住,住宅區
204,10,4,,R,住,住宅區
205,10,4,,R,住,住宅區
206,10,4,,R,住,住宅區
207,10,4,,R,住,住宅區
208,10,4,,R,住,住宅區
209,10,4,,R,住,住宅區
210,47,50,,T,保,保護區
211,47,50,,T,保,保護區
212,26,10,,C,文教,文教區
213,26,10,,C,文教,文教區
214,26,10,,C,文教,文教區
215,26,10,,C,文教,文教區
216,26,10,,C,文教,文教區
217,26,10,,C,文教,文教區
218,10,4,,R,住,住宅區
219,10,4,,R,住,住宅區
220,10,4,,R,住,住宅區
221,10,4,,R,住,住宅區
222,49,7,,PW1,河川區,河川區
223,10,4,,R,住,住宅區
224,49,7,,PW1,河川區,河川區
225,10,4,,R,住,住宅區
226,10,4,,R,住,住宅區
227,47,50,,T,保,保護區
228,47,50,,T,保,保護區
229,47,50,,T,保,保護區
230,10,4,,R,住,住宅區
231,10,4,,R,住,住宅區
232,10,4,,R,住,住宅區
233,10,4,,R,住,住宅區
234,10,4,,R,住,住宅區
235,11,3,,B,商,商業區
236,47,50,,T,保,保護區
237,10,4,,R,住,住宅區
238,10,4,,R,住,住宅區
239,10,4,,R,住,住宅區
240,10,4,,R,住,住宅區
241,47,50,,T,保,保護區
242,10,4,,R,住,住宅區
243,10,4,,R,住,住宅區
244,10,4,,R,住,住宅區
245,47,50,,T,保,保護區
246,10,4,,R,住,住宅區
247,44,13,,PUE5,自設,自來水設備用地
248,44,13,,PUE5,自設,自來水設備用地
249,10,4,,R,住,住宅區
250,44,13,,PUE5,自設,自來水設備用地
251,10,4,,R,住,住宅區
252,38,13,,PHD,醫專,醫療專用區
253,21,9,,I,工,工業區
254,21,9,,I,工,工業區
255,21,9,,I,工,工業區
256,21,9,,I,工,工業區
257,21,9,,I,工,工業區
258,21,9,,I,工,工業區
259,21,9,,I,工,工業區
260,21,9,,I,工,工業區
261,21,9,,I,工,工業區
262,21,9,,I,工,工業區
263,21,9,,I,工,工業區
264,21,9,,I,工,工業區
265,21,9,,I,工,工業區
266,21,9,,I,工,工業區
267,21,9,,I,工,工業區
268,21,9,,I,工,工業區
269,21,9,,I,工,工業區
270,21,9,,I,工,工業區
271,21,9,,I,工,工業區
272,21,9,,I,工,工業區
273,21,9,,I,工,工業區
274,21,9,,I,工,工業區
275,10,4,,R,住,住宅區
276,10,4,,R,住,住宅區
277,10,4,,R,住,住宅區
278,10,4,,R,住,住宅區
279,10,4,,R,住,住宅區
280,10,4,,R,住,住宅區
281,10,4,,R,住,住宅區
282,10,4,,R,住,住宅區
283,11,3,,B,商,商業區
284,11,3,,B,商,商業區
285,10,4,,R,住,住宅區
286,11,3,,B,商,商業區
287,217,3,,D,特,特定專用區
288,217,3,,D,特,特定專用區
289,217,3,,D,特,特定專用區
290,217,3,,D,特,特定專用區
291,217,3,,D,特,特定專用區
292,10,4,,R,住,住宅區
293,10,4,,R,住,住宅區
294,10,4,,R,住,住宅區
295,11,3,,B,商,商業區
296,10,4,,R,住,住宅區
297,10,4,,R,住,住宅區
298,10,4,,R,住,住宅區
299,11,3,,B,商,商業區
300,11,3,,B,商,商業區
301,11,3,,B,商,商業區
302,10,4,,R,住,住宅區
303,10,4,,R,住,住宅區
304,10,4,,R,住,住宅區
305,10,4,,R,住,住宅區
306,10,4,,R,住,住宅區
307,10,4,,R,住,住宅區
308,10,4,,R,住,住宅區
309,10,4,,R,住,住宅區
310,10,4,,R,住,住宅區
311,10,4,,R,住,住宅區
312,10,4,,R,住,住宅區
313,10,4,,R,住,住宅區
314,10,4,,R,住,住宅區
315,10,4,,R,住,住宅區
316,11,3,,B,商,商業區
317,10,4,,R,住,住宅區
318,10,4,,R,住,住宅區
319,10,4,,R,住,住宅區
320,10,4,,R,住,住宅區
321,26,10,,C,文教,文教區
322,11,3,,B,商,商業區
323,11,3,,B,商,商業區
324,10,4,,R,住,住宅區
325,10,4,,R,住,住宅區
326,10,4,,R,住,住宅區
327,10,4,,R,住,住宅區
328,10,4,,R,住,住宅區
329,10,4,,R,住,住宅區
330,10,4,,R,住,住宅區
331,11,3,,B,商,商業區
332,10,4,,R,住,住宅區
333,47,50,,T,保,保護區
334,10,4,,R,住,住宅區
335,10,4,,R,住,住宅區
336,10,4,,R,住,住宅區
337,10,4,,R,住,住宅區
338,11,3,,B,商,商業區
339,11,3,,B,商,商業區
340,11,3,,B,商,商業區
341,10,4,,R,住,住宅區
342,10,4,,R,住,住宅區
343,10,4,,R,住,住宅區
344,10,4,,R,住,住宅區
345,10,4,,R,住,住宅區
346,26,10,,C,文教,文教區
347,10,4,,R,住,住宅區
348,10,4,,R,住,住宅區
349,11,3,,B,商,商業區
350,11,3,,B,商,商業區
351,10,4,,R,住,住宅區
352,10,4,,R,住,住宅區
353,10,4,,R,住,住宅區
354,10,4,,R,住,住宅區
355,10,4,,R,住,住宅區
356,11,3,,B,商,商業區
357,10,4,,R,住,住宅區
358,11,3,,B,商,商業區
359,10,4,,R,住,住宅區
360,10,4,,R,住,住宅區
361,10,4,,R,住,住宅區
362,10,4,,R,住,住宅區
363,11,3,,B,商,商業區
364,10,4,,R,住,住宅區
365,11,3,,B,商,商業區
366,11,3,,B,商,商業區
367,11,3,,B,商,商業區
368,53,3,,D10,金資,金融資訊專用區
369,10,4,,R,住,住宅區
370,11,3,,B,商,商業區
371,11,3,,B,商,商業區
372,10,4,,R,住,住宅區
373,10,4,,R,住,住宅區
374,10,4,,R,住,住宅區
375,10,4,,R,住,住宅區
376,10,4,,R,住,住宅區
377,10,4,,R,住,住宅區
378,10,4,,R,住,住宅區
379,11,3,,B,商,商業區
380,47,50,,T,保,保護區
381,10,4,,R,住,住宅區
382,10,4,,R,住,住宅區
383,10,4,,R,住,住宅區
384,11,3,,B,商,商業區
385,10,4,,R,住,住宅區
386,49,7,,PW1,河川區,河川區
387,11,3,,B,商,商業區
388,10,4,,R,住,住宅區
389,47,50,,T,保,保護區
390,47,50,,T,保,保護區
391,30,15,,K,保存,保存區
392,49,7,,PW1,河川區,河川區
393,53,3,,D15,露營專用,露營場專用區
394,47,50,,T,保,保護區
395,21,9,,I,工,工業區
396,21,9,,I,工,工業區
397,10,4,,R,住,住宅區
398,21,9,,I,工,工業區
399,21,9,,I,工,工業區
400,21,9,,I,工,工業區
401,11,3,,B,商,商業區
402,10,4,,R,住,住宅區
403,49,7,,PW1,河川區,河川區
404,49,7,,PW1,河川區,河川區
405,47,50,,T,保,保護區
406,47,50,,T,保,保護區
407,47,50,,T,保,保護區
408,47,50,,T,保,保護區
409,47,50,,T,保,保護區
410,47,50,,T,保,保護區
411,47,50,,T,保,保護區
412,26,10,,C,文教,文教區
413,49,7,,PW1,河川區,河川區
414,49,7,,PW1,河川區,河川區
415,49,7,,PW1,河川區,河川區
416,49,7,,PW1,河川區,河川區
417,49,7,,PW1,河川區,河川區
418,49,7,,PW1,河川區,河川區
419,49,7,,PW1,河川區,河川區
420,49,7,,PW1,河川區,河川區
421,49,7,,PW1,河川區,河川區
422,49,7,,PW1,河川區,河川區
423,49,7,,PW1,河川區,河川區
424,49,7,,PW1,河川區,河川區
425,49,7,,PW1,河川區,河川區
426,49,7,,PW1,河川區,河川區
427,49,7,,PW1,河川區,河川區
428,49,7,,PW1,河川區,河川區
429,49,7,,PW1,河川區,河川區
430,49,7,,PW1,河川區,河川區
431,49,7,,PW1,河川區,河川區
432,47,50,,T,保,保護區
433,47,50,,T,保,保護區
434,26,10,,C,文教,文教區
435,11,3,,B,商,商業區
436,11,3,,B,商,商業區
437,11,3,,B,商,商業區
438,11,3,,B,商,商業區
439,11,3,,B,商,商業區
440,11,3,,B,商,商業區
441,11,3,,B,商,商業區
442,11,3,,B,商,商業區
443,11,3,,B,商,商業區
444,11,3,,B,商,商業區
445,11,3,,B,商,商業區
446,11,3,,B,商,商業區
447,11,3,,B,商,商業區
448,11,3,,B,商,商業區
449,11,3,,B,商,商業區
450,11,3,,B,商,商業區
451,11,3,,B,商,商業區
452,11,3,,B,商,商業區
453,11,3,,B,商,商業區
454,11,3,,B,商,商業區
455,11,3,,B,商,商業區
456,10,4,,R,住,住宅區
457,10,4,,R,住,住宅區
458,10,4,,R,住,住宅區
459,10,4,,R,住,住宅區
460,10,4,,R,住,住宅區
461,10,4,,R,住,住宅區
462,10,4,,R,住,住宅區
463,10,4,,R,住,住宅區
464,10,4,,R,住,住宅區
465,10,4,,R,住,住宅區
466,10,4,,R,住,住宅區
467,10,4,,R,住,住宅區
468,10,4,,R,住,住宅區
469,10,4,,R,住,住宅區
470,10,4,,R,住,住宅區
471,10,4,,R,住,住宅區
472,10,4,,R,住,住宅區
473,10,4,,R,住,住宅區
474,10,4,,R,住,住宅區
475,10,4,,R,住,住宅區
476,10,4,,R,住,住宅區
477,10,4,,R,住,住宅區
478,10,4,,R,住,住宅區
479,10,4,,R,住,住宅區
480,10,4,,R,住,住宅區
481,10,4,,R,住,住宅區
482,10,4,,R,住,住宅區
483,10,4,,R,住,住宅區
484,10,4,,R,住,住宅區
485,10,4,,R,住,住宅區
486,10,4,,R,住,住宅區
487,10,4,,R,住,住宅區
488,11,3,,B,商,商業區
489,21,9,,I,工,工業區
490,11,3,,B,商,商業區
491,10,4,,R,住,住宅區
492,52,14,,A,農,農業區
493,52,14,,A,農,農業區
494,10,4,,R,住,住宅區
495,11,3,,B,商,商業區
496,11,3,,B,商,商業區
497,11,3,,B,商,商業區
498,10,4,,R,住,住宅區
499,10,4,,R,住,住宅區
500,10,4,,R,住,住宅區
501,10,4,,R,住,住宅區
502,11,3,,B,商,商業區
503,10,4,,R,住,住宅區
504,10,4,,R,住,住宅區
505,10,4,,R,住,住宅區
506,10,4,,R,住,住宅區
507,10,4,,R,住,住宅區
508,10,4,,R,住,住宅區
509,10,4,,R,住,住宅區
510,49,7,,PW1,河川區,河川區
511,10,4,,R,住,住宅區
512,10,4,,R,住,住宅區
513,10,4,,R,住,住宅區
514,10,4,,R,住,住宅區
515,21,9,,I,工,工業區
516,10,4,,R,住,住宅區
517,11,3,,B,商,商業區
518,217,3,,D,特,特定專用區
519,10,4,,R,住,住宅區
520,11,3,,B,商,商業區
521,11,3,,B,商,商業區
522,11,3,,B,商,商業區
523,47,50,,T,保,保護區
524,47,50,,T,保,保護區
525,10,4,,R,住,住宅區
526,47,50,,T,保,保護區
527,10,4,,R,住,住宅區
528,21,9,,I,工,工業區
529,21,9,,I,工,工業區
530,21,9,,I,工,工業區
531,21,9,,I,工,工業區
532,11,3,,B,商,商業區
533,21,9,,I,工,工業區
534,21,9,,I,工,工業區
535,21,9,,I,工,工業區
536,21,9,,I,工,工業區
537,21,9,,I,工,工業區
538,21,9,,I,工,工業區
539,21,9,,I,工,工業區
540,21,9,,I,工,工業區
541,21,9,,I,工,工業區
542,49,7,,PW1,河川區,河川區
543,47,50,,T,保,保護區
544,47,50,,T,保,保護區
545,47,50,,T,保,保護區
546,47,50,,T,保,保護區
547,47,50,,T,保,保護區
548,47,50,,T,保,保護區
549,47,50,,T,保,保護區
550,49,7,,PW1,河川區,河川區
551,49,7,,PW1,河川區,河川區
552,49,7,,PW1,河川區,河川區
553,49,7,,PW1,河川區,河川區
554,49,7,,PW1,河川區,河川區
555,49,7,,PW1,河川區,河川區
556,49,7,,PW1,河川區,河川區
557,49,7,,PW1,河川區,河川區
558,49,7,,PW1,河川區,河川區
559,49,7,,PW1,河川區,河川區
560,47,50,,T,保,保護區
561,20,3,,BAH,聯合開發,聯合開發區
562,11,3,,B,商,商業區
563,11,3,,B,商,商業區
564,11,3,,B,商,商業區
565,11,3,,B,商,商業區
566,11,3,,B,商,商業區
567,20,3,,BAH,聯合開發,聯合開發區
568,20,3,,BAH,聯合開發,聯合開發區
569,11,3,,B,商,商業區
570,11,3,,B,商,商業區
571,11,3,,B,商,商業區
572,11,3,,B,商,商業區
573,11,3,,B,商,商業區
574,11,3,,B,商,商業區
575,11,3,,B,商,商業區
576,11,3,,B,商,商業區
577,11,3,,B,商,商業區
578,11,3,,B,商,商業區
579,217,3,,D,特,特定專用區
580,11,3,,B,商,商業區
581,11,3,,B,商,商業區
582,11,3,,B,商,商業區
583,11,3,,B,商,商業區
584,217,3,,D,特,特定專用區
585,11,3,,B,商,商業區
586,217,3,,D,特,特定專用區
587,217,3,,D,特,特定專用區
588,11,3,,B,商,商業區
589,217,3,,D,特,特定專用區
590,217,3,,D,特,特定專用區
591,217,3,,D,特,特定專用區
592,217,3,,D,特,特定專用區
593,217,3,,D,特,特定專用區
594,30,15,,K,保存,保存區
595,217,3,,D,特,特定專用區
596,11,3,,B,商,商業區
597,11,3,,B,商,商業區
598,11,3,,B,商,商業區
599,11,3,,B,商,商業區
600,11,3,,B,商,商業區
601,11,3,,B,商,商業區
602,11,3,,B,商,商業區
603,10,4,,R,住,住宅區
604,11,3,,B,商,商業區
605,11,3,,B,商,商業區
606,11,3,,B,商,商業區
607,10,4,,R,住,住宅區
608,11,3,,B,商,商業區
609,11,3,,B,商,商業區
610,11,3,,B,商,商業區
611,217,3,,D,特,特定專用區
612,11,3,,B,商,商業區
613,11,3,,B,商,商業區
614,11,3,,B,商,商業區
615,10,4,,R,住,住宅區
616,11,3,,B,商,商業區
617,11,3,,B,商,商業區
618,11,3,,B,商,商業區
619,10,4,,R,住,住宅區
620,10,4,,R,住,住宅區
621,10,4,,R,住,住宅區
622,11,3,,B,商,商業區
623,11,3,,B,商,商業區
624,11,3,,B,商,商業區
625,11,3,,B,商,商業區
626,10,4,,R,住,住宅區
627,10,4,,R,住,住宅區
628,11,3,,B,商,商業區
629,11,3,,B,商,商業區
630,11,3,,B,商,商業區
631,10,4,,R,住,住宅區
632,10,4,,R,住,住宅區
633,10,4,,R,住,住宅區
634,10,4,,R,住,住宅區
635,10,4,,R,住,住宅區
636,30,15,,K,保存,保存區
637,30,15,,K,保存,保存區
638,11,3,,B,商,商業區
639,10,4,,R,住,住宅區
640,10,4,,R,住,住宅區
641,10,4,,R,住,住宅區
642,10,4,,R,住,住宅區
643,30,15,,K,保存,保存區
644,10,4,,R,住,住宅區
645,21,9,,I,工,工業區
646,10,4,,R,住,住宅區
647,10,4,,R,住,住宅區
648,30,15,,K,保存,保存區
649,10,4,,R,住,住宅區
650,11,3,,B,商,商業區
651,11,3,,B,商,商業區
652,11,3,,B,商,商業區
653,11,3,,B,商,商業區
654,11,3,,B,商,商業區
655,10,4,,R,住,住宅區
656,11,3,,B,商,商業區
657,11,3,,B,商,商業區
658,11,3,,B,商,商業區
659,11,3,,B,商,商業區
660,217,3,,D,特,特定專用區
661,10,4,,R,住,住宅區
662,11,3,,B,商,商業區
663,217,3,,D,特,特定專用區
664,217,3,,D,特,特定專用區
665,11,3,,B,商,商業區
666,11,3,,B,商,商業區
667,11,3,,B,商,商業區
668,11,3,,B,商,商業區
669,11,3,,B,商,商業區
670,11,3,,B,商,商業區
671,11,3,,B,商,商業區
672,11,3,,B,商,商業區
673,11,3,,B,商,商業區
674,11,3,,B,商,商業區
675,11,3,,B,商,商業區
676,11,3,,B,商,商業區
677,11,3,,B,商,商業區
678,11,3,,B,商,商業區
679,11,3,,B,商,商業區
680,11,3,,B,商,商業區
681,11,3,,B,商,商業區
682,11,3,,B,商,商業區
683,10,4,,R,住,住宅區
684,10,4,,R,住,住宅區
685,11,3,,B,商,商業區
686,11,3,,B,商,商業區
687,11,3,,B,商,商業區
688,11,3,,B,商,商業區
689,11,3,,B,商,商業區
690,11,3,,B,商,商業區
691,11,3,,B,商,商業區
692,11,3,,B,商,商業區
693,11,3,,B,商,商業區
694,11,3,,B,商,商業區
695,11,3,,B,商,商業區
696,11,3,,B,商,商業區
697,11,3,,B,商,商業區
698,11,3,,B,商,商業區
699,11,3,,B,商,商業區
700,11,3,,B,商,商業區
701,11,3,,B,商,商業區
702,11,3,,B,商,商業區
703,11,3,,B,商,商業區
704,11,3,,B,商,商業區
705,11,3,,B,商,商業區
706,11,3,,B,商,商業區
707,11,3,,B,商,商業區
708,11,3,,B,商,商業區
709,11,3,,B,商,商業區
710,11,3,,B,商,商業區
711,11,3,,B,商,商業區
712,11,3,,B,商,商業區
713,11,3,,B,商,商業區
714,11,3,,B,商,商業區
715,11,3,,B,商,商業區
716,11,3,,B,商,商業區
717,10,4,,R,住,住宅區
718,10,4,,R,住,住宅區
719,10,4,,R,住,住宅區
720,10,4,,R,住,住宅區
721,30,15,,K,保存,保存區
722,30,15,,K,保存,保存區
723,30,15,,K,保存,保存區
724,30,15,,K,保存,保存區
725,10,4,,R,住,住宅區
726,10,4,,R,住,住宅區
727,10,4,,R,住,住宅區
728,10,4,,R,住,住宅區
729,10,4,,R,住,住宅區
730,10,4,,R,住,住宅區
731,10,4,,R,住,住宅區
732,10,4,,R,住,住宅區
733,10,4,,R,住,住宅區
734,10,4,,R,住,住宅區
735,11,3,,B,商,商業區
736,11,3,,B,商,商業區
737,11,3,,B,商,商業區
738,11,3,,B,商,商業區
739,11,3,,B,商,商業區
740,11,3,,B,商,商業區
741,11,3,,B,商,商業區
742,10,4,,R,住,住宅區
743,10,4,,R,住,住宅區
744,11,3,,B,商,商業區
745,11,3,,B,商,商業區
746,10,4,,R,住,住宅區
747,10,4,,R,住,住宅區
748,10,4,,R,住,住宅區
749,11,3,,B,商,商業區
750,11,3,,B,商,商業區
751,11,3,,B,商,商業區
752,10,4,,R,住,住宅區
753,10,4,,R,住,住宅區
754,10,4,,R,住,住宅區
755,29,13,,G,行政,行政區
756,29,13,,G,行政,行政區
757,11,3,,B,商,商業區
758,11,3,,B,商,商業區
759,11,3,,B,商,商業區
760,11,3,,B,商,商業區
761,11,3,,B,商,商業區
762,11,3,,B,商,商業區
763,11,3,,B,商,商業區
764,11,3,,B,商,商業區
765,11,3,,B,商,商業區
766,11,3,,B,商,商業區
767,11,3,,B,商,商業區
768,11,3,,B,商,商業區
769,29,13,,G,行政,行政區
770,53,3,,D9,文觀專用區,文化觀光專用區
771,29,13,,G,行政,行政區
772,29,13,,G,行政,行政區
773,29,13,,G,行政,行政區
774,29,13,,G,行政,行政區
775,11,3,,B,商,商業區
776,11,3,,B,商,商業區
777,11,3,,B,商,商業區
778,11,3,,B,商,商業區
779,11,3,,B,商,商業區
780,11,3,,B,商,商業區
781,11,3,,B,商,商業區
782,11,3,,B,商,商業區
783,11,3,,B,商,商業區
784,11,3,,B,商,商業區
785,11,3,,B,商,商業區
786,11,3,,B,商,商業區
787,29,13,,G,行政,行政區
788,10,4,,R,住,住宅區
789,10,4,,R,住,住宅區
790,10,4,,R,住,住宅區
791,10,4,,R,住,住宅區
792,10,4,,R,住,住宅區
793,10,4,,R,住,住宅區
794,29,13,,G,行政,行政區
795,30,15,,K3,古蹟區,古蹟保存區
796,11,3,,B,商,商業區
797,11,3,,B,商,商業區
798,11,3,,B,商,商業區
799,11,3,,B,商,商業區
800,30,15,,K,保存,保存區
801,11,3,,B,商,商業區
802,11,3,,B,商,商業區
803,20,3,,BAH,聯合開發,聯合開發區
804,20,3,,BAH,聯合開發,聯合開發區
805,10,4,,R,住,住宅區
806,11,3,,B,商,商業區
807,53,19,,D8,創文專用區,創意文化專用區
808,11,3,,B,商,商業區
809,11,3,,B,商,商業區
810,11,3,,B,商,商業區
811,11,3,,B,商,商業區
812,11,3,,B,商,商業區
813,29,13,,G,行政,行政區
814,29,13,,G,行政,行政區
815,30,15,,K,保存,保存區
816,30,15,,K,保存,保存區
817,10,4,,R,住,住宅區
818,10,4,,R,住,住宅區
819,10,4,,R,住,住宅區
820,10,4,,R,住,住宅區
821,30,15,,K,保存,保存區
822,29,13,,G,行政,行政區
823,10,4,,R,住,住宅區
824,10,4,,R,住,住宅區
825,11,3,,B,商,商業區
826,10,4,,R,住,住宅區
827,10,4,,R,住,住宅區
828,11,3,,B,商,商業區
829,10,4,,R,住,住宅區
830,10,4,,R,住,住宅區
831,11,3,,B,商,商業區
832,10,4,,R,住,住宅區
833,11,3,,B,商,商業區
834,11,3,,B,商,商業區
835,10,4,,R,住,住宅區
836,10,4,,R,住,住宅區
837,10,4,,R,住,住宅區
838,11,3,,B,商,商業區
839,11,3,,B,商,商業區
840,10,4,,R,住,住宅區
841,10,4,,R,住,住宅區
842,10,4,,R,住,住宅區
843,10,4,,R,住,住宅區
844,10,4,,R,住,住宅區
845,10,4,,R,住,住宅區
846,10,4,,R,住,住宅區
847,11,3,,B,商,商業區
848,30,15,,KD,寺專,寺廟專用區
849,10,4,,R,住,住宅區
850,10,4,,R,住,住宅區
851,10,4,,R,住,住宅區
852,11,3,,B,商,商業區
853,11,3,,B,商,商業區
854,11,3,,B,商,商業區
855,11,3,,B,商,商業區
856,10,4,,R,住,住宅區
857,11,3,,B,商,商業區
858,10,4,,R,住,住宅區
859,11,3,,B,商,商業區
860,10,4,,R,住,住宅區
861,11,3,,B,商,商業區
862,11,3,,B,商,商業區
863,30,15,,K,保存,保存區
864,29,13,,G01,行專,行政專用區
865,29,13,,G01,行專,行政專用區
866,29,13,,G01,行專,行政專用區
867,29,13,,G01,行專,行政專用區
868,11,3,,B,商,商業區
869,10,4,,R,住,住宅區
870,11,3,,B,商,商業區
871,11,3,,B,商,商業區
872,10,4,,R,住,住宅區
873,10,4,,R,住,住宅區
874,11,3,,B,商,商業區
875,11,3,,B,商,商業區
876,10,4,,R,住,住宅區
877,11,3,,B,商,商業區
878,53,3,,D13,歷史聚落專用,歷史聚落風貌特定專用區
879,10,4,,R,住,住宅區
880,11,3,,B,商,商業區
881,11,3,,B,商,商業區
882,11,3,,B,商,商業區
883,11,3,,B,商,商業區
884,11,3,,B,商,商業區
885,11,3,,B,商,商業區
886,11,3,,B,商,商業區
887,11,3,,B,商,商業區
888,11,3,,B,商,商業區
889,53,3,,D7,資產專用區,資訊產業專用區
890,53,3,,D7,資產專用區,資訊產業專用區
891,53,3,,D7,資產專用區,資訊產業專用區
892,53,3,,D7,資產專用區,資訊產業專用區
893,53,3,,D7,資產專用區,資訊產業專用區
894,53,3,,D7,資產專用區,資訊產業專用區
895,11,3,,B,商,商業區
896,11,3,,B,商,商業區
897,11,3,,B,商,商業區
898,10,4,,R,住,住宅區
899,11,3,,B,商,商業區
900,10,4,,R,住,住宅區
901,10,4,,R,住,住宅區
902,10,4,,R,住,住宅區
903,10,4,,R,住,住宅區
904,10,4,,R,住,住宅區
905,10,4,,R,住,住宅區
906,11,3,,B,商,商業區
907,11,3,,B,商,商業區
908,11,3,,B,商,商業區
909,11,3,,B,商,商業區
910,10,4,,R,住,住宅區
911,10,4,,R,住,住宅區
912,10,4,,R,住,住宅區
913,30,15,,K3,古蹟區,古蹟保存區
914,20,3,,BAH,聯合開發,聯合開發區
915,29,13,,G,行政,行政區
916,20,3,,BAI,捷運開發,捷運開發區
917,10,4,,R,住,住宅區
918,10,4,,R,住,住宅區
919,29,13,,G,行政,行政區
920,29,13,,G,行政,行政區
921,11,3,,B,商,商業區
922,11,3,,B,商,商業區
923,30,3,,K5,聚落專用,聚落風貌保存專用區
924,30,15,,K,保存,保存區
925,30,3,,K5,聚落專用,聚落風貌保存專用區
926,30,15,,K,保存,保存區
927,10,4,,R,住,住宅區
928,10,4,,R,住,住宅區
929,11,3,,B,商,商業區
930,20,3,,BAI,捷運開發,捷運開發區
931,10,4,,R,住,住宅區
932,10,4,,R,住,住宅區
933,11,3,,B,商,商業區
934,10,4,,R,住,住宅區
935,11,3,,B,商,商業區
936,11,3,,B,商,商業區
937,10,4,,R,住,住宅區
938,10,4,,R,住,住宅區
939,10,4,,R,住,住宅區
940,10,4,,R,住,住宅區
941,11,3,,B,商,商業區
942,11,3,,B,商,商業區
943,10,4,,R,住,住宅區
944,10,4,,R,住,住宅區
945,10,4,,R,住,住宅區
946,53,9,,D16,科專,科技產業專用區
947,53,9,,D16,科專,科技產業專用區
948,53,9,,D16,科專,科技產業專用區
949,53,9,,D16,科專,科技產業專用區
950,10,4,,R,住,住宅區
951,10,4,,R,住,住宅區
952,11,3,,B,商,商業區
953,11,3,,B,商,商業區
954,10,4,,R,住,住宅區
955,10,4,,R,住,住宅區
956,26,10,,C,文教,文教區
957,47,50,,T,保,保護區
958,47,50,,T,保,保護區
959,10,4,,R,住,住宅區
960,49,7,,PFB2,水利設施,水利設施用地
961,11,3,,B,商,商業區
962,11,3,,B,商,商業區
963,10,4,,R,住,住宅區
964,11,3,,B,商,商業區
965,30,15,,K3,古蹟區,古蹟保存區
966,30,15,,K3,古蹟區,古蹟保存區
967,11,3,,B,商,商業區
968,11,3,,B,商,商業區
969,11,3,,B,商,商業區
970,11,3,,B,商,商業區
971,10,4,,R,住,住宅區
972,10,4,,R,住,住宅區
973,20,3,,B5,觀商,特定觀光商業專用區
974,30,15,,K,保存,保存區
975,30,15,,K,保存,保存區
976,20,3,,B5,觀商,特定觀光商業專用區
977,20,3,,B5,觀商,特定觀光商業專用區
978,11,3,,B,商,商業區
979,20,3,,B5,觀商,特定觀光商業專用區
980,11,3,,B,商,商業區
981,30,15,,K3,古蹟區,古蹟保存區
982,10,4,,R,住,住宅區
983,47,50,,T,保,保護區
984,11,3,,B,商,商業區
985,30,15,,K,保存,保存區
986,11,3,,B,商,商業區
987,10,4,,R,住,住宅區
988,217,3,,D,特,特定專用區
989,38,13,,PHD,醫專,醫療專用區
990,10,4,,R,住,住宅區
991,10,4,,R,住,住宅區
992,10,4,,R,住,住宅區
993,10,4,,R,住,住宅區
994,10,4,,R,住,住宅區
995,10,4,,R,住,住宅區
996,10,4,,R,住,住宅區
997,10,4,,R,住,住宅區
998,11,3,,B,商,商業區
999,21,9,,I,工,工業區
1000,10,4,,R,住,住宅區
1001,52,14,,A,農,農業區
1002,52,14,,A,農,農業區
1003,52,14,,A,農,農業區
1004,21,9,,I,工,工業區
1005,21,9,,I,工,工業區
1006,10,4,,R,住,住宅區
1007,10,4,,R,住,住宅區
1008,11,3,,B,商,商業區
1009,10,4,,R,住,住宅區
1010,11,3,,B,商,商業區
1011,10,4,,R,住,住宅區
1012,11,3,,B,商,商業區
1013,10,4,,R,住,住宅區
1014,11,3,,B,商,商業區
1015,10,4,,R,住,住宅區
1016,10,4,,R,住,住宅區
1017,11,3,,B,商,商業區
1018,11,3,,B,商,商業區
1019,11,3,,B,商,商業區
1020,11,3,,B,商,商業區
1021,10,4,,R,住,住宅區
1022,10,4,,R,住,住宅區
1023,11,3,,B,商,商業區
1024,10,4,,R,住,住宅區
1025,10,4,,R,住,住宅區
1026,11,3,,B,商,商業區
1027,20,3,,B5,觀商,特定觀光商業專用區
1028,10,4,,R,住,住宅區
1029,11,3,,B,商,商業區
1030,26,10,,C,文教,文教區
1031,26,10,,C,文教,文教區
1032,26,10,,C,文教,文教區
1033,10,4,,R,住,住宅區
1034,10,4,,R,住,住宅區
1035,49,7,,PW1,河川區,河川區
1036,49,7,,PW1,河川區,河川區
1037,49,7,,PW1,河川區,河川區
1038,49,7,,PW1,河川區,河川區
1039,49,7,,PW1,河川區,河川區
1040,49,7,,PW1,河川區,河川區
1041,49,7,,PW1,河川區,河川區
1042,49,7,,PW1,河川區,河川區
1043,49,7,,PW1,河川區,河川區
1044,47,50,,T,保,保護區
1045,47,50,,T,保,保護區
1046,47,50,,T,保,保護區
1047,47,50,,T,保,保護區
1048,47,50,,T,保,保護區
1049,47,50,,T,保,保護區
1050,10,4,,R,住,住宅區
1051,49,7,,PW1,河川區,河川區
1052,47,50,,T,保,保護區
1053,47,50,,T,保,保護區
1054,11,3,,B,商,商業區
1055,10,4,,R,住,住宅區
1056,10,4,,R,住,住宅區
1057,11,3,,B,商,商業區
1058,11,3,,B,商,商業區
1059,11,3,,B,商,商業區
1060,10,4,,R,住,住宅區
1061,11,3,,B,商,商業區
1062,10,4,,R,住,住宅區
1063,11,3,,B,商,商業區
1064,10,4,,R,住,住宅區
1065,10,4,,R,住,住宅區
1066,10,4,,R,住,住宅區
1067,10,4,,R,住,住宅區
1068,11,3,,B,商,商業區
1069,10,4,,R,住,住宅區
1070,11,3,,B,商,商業區
1071,10,4,,R,住,住宅區
1072,11,3,,B,商,商業區
1073,11,3,,B,商,商業區
1074,10,4,,R,住,住宅區
1075,10,4,,R,住,住宅區
1076,11,3,,B,商,商業區
1077,11,3,,B,商,商業區
1078,11,3,,B,商,商業區
1079,11,3,,B,商,商業區
1080,10,4,,R,住,住宅區
1081,10,4,,R,住,住宅區
1082,10,4,,R,住,住宅區
1083,10,4,,R,住,住宅區
1084,10,4,,R,住,住宅區
1085,10,4,,R,住,住宅區
1086,10,4,,R,住,住宅區
1087,10,4,,R,住,住宅區
1088,10,4,,R,住,住宅區
1089,31,14,,L,風,風景區
1090,11,3,,B,商,商業區
1091,11,3,,B,商,商業區
1092,10,4,,R,住,住宅區
1093,10,4,,R,住,住宅區
1094,10,4,,R,住,住宅區
1095,10,4,,R,住,住宅區
1096,11,3,,B,商,商業區
1097,10,4,,R,住,住宅區
1098,10,4,,R,住,住宅區
1099,10,4,,R,住,住宅區
1100,10,4,,R,住,住宅區
1101,10,4,,R,住,住宅區
1102,11,3,,B,商,商業區
1103,10,4,,R,住,住宅區
1104,10,4,,R,住,住宅區
1105,10,4,,R,住,住宅區
1106,26,10,,C,文教,文教區
1107,26,10,,C,文教,文教區
1108,10,4,,R,住,住宅區
1109,11,3,,B,商,商業區
1110,11,3,,B,商,商業區
1111,10,4,,R,住,住宅區
1112,10,4,,R,住,住宅區
1113,10,4,,R,住,住宅區
1114,11,3,,B,商,商業區
1115,10,4,,R,住,住宅區
1116,10,4,,R,住,住宅區
1117,11,3,,B,商,商業區
1118,10,4,,R,住,住宅區
1119,10,4,,R,住,住宅區
1120,11,3,,B,商,商業區
1121,10,4,,R,住,住宅區
1122,10,4,,R,住,住宅區
1123,10,4,,R,住,住宅區
1124,26,10,,C,文教,文教區
1125,10,4,,R,住,住宅區
1126,11,3,,B,商,商業區
1127,10,4,,R,住,住宅區
1128,10,4,,R,住,住宅區
1129,10,4,,R,住,住宅區
1130,11,3,,B,商,商業區
1131,10,4,,R,住,住宅區
1132,10,4,,R,住,住宅區
1133,11,3,,B,商,商業區
1134,10,4,,R,住,住宅區
1135,10,4,,R,住,住宅區
1136,11,3,,B,商,商業區
1137,11,3,,B,商,商業區
1138,10,4,,R,住,住宅區
1139,10,4,,R,住,住宅區
1140,10,4,,R,住,住宅區
1141,10,4,,R,住,住宅區
1142,10,4,,R,住,住宅區
1143,10,4,,R,住,住宅區
1144,49,7,,PW1,河川區,河川區
1145,49,7,,PW1,河川區,河川區
1146,52,14,,A,農,農業區
1147,52,14,,A,農,農業區
1148,10,4,,R,住,住宅區
1149,10,4,,R,住,住宅區
1150,10,4,,R,住,住宅區
1151,10,4,,R,住,住宅區
1152,10,4,,R,住,住宅區
1153,10,4,,R,住,住宅區
1154,10,4,,R,住,住宅區
1155,49,7,,PW1,河川區,河川區
1156,10,4,,R,住,住宅區
1157,10,4,,R,住,住宅區
1158,10,4,,R,住,住宅區
1159,10,4,,R,住,住宅區
1160,11,3,,B,商,商業區
1161,10,4,,R,住,住宅區
1162,10,4,,R,住,住宅區
1163,11,3,,B,商,商業區
1164,10,4,,R,住,住宅區
1165,10,4,,R,住,住宅區
1166,49,7,,PW1,河川區,河川區
1167,49,7,,PW1,河川區,河川區
1168,49,7,,PW1,河川區,河川區
1169,10,4,,R,住,住宅區
1170,10,4,,R,住,住宅區
1171,11,3,,B,商,商業區
1172,10,4,,R,住,住宅區
1173,11,3,,B,商,商業區
1174,10,4,,R,住,住宅區
1175,11,3,,B,商,商業區
1176,10,4,,R,住,住宅區
1177,10,4,,R,住,住宅區
1178,10,4,,R,住,住宅區
1179,10,4,,R,住,住宅區
1180,11,3,,B,商,商業區
1181,10,4,,R,住,住宅區
1182,10,4,,R,住,住宅區
1183,10,4,,R,住,住宅區
1184,31,14,,L,風,風景區
1185,49,7,,PW1,河川區,河川區
1186,10,4,,R,住,住宅區
1187,10,4,,R,住,住宅區
1188,10,4,,R,住,住宅區
1189,47,50,,T,保,保護區
1190,47,50,,T,保,保護區
1191,47,50,,T,保,保護區
1192,47,50,,T,保,保護區
1193,47,50,,T,保,保護區
1194,47,50,,T,保,保護區
1195,47,50,,T,保,保護區
1196,47,50,,T,保,保護區
1197,47,50,,T,保,保護區
1198,47,50,,T,保,保護區
1199,47,50,,T,保,保護區
1200,47,50,,T,保,保護區
1201,47,50,,T,保,保護區
1202,47,50,,T,保,保護區
1203,47,50,,T,保,保護區
1204,47,50,,T,保,保護區
1205,10,4,,R,住,住宅區
1206,47,50,,T,保,保護區
1207,11,3,,B,商,商業區
1208,11,3,,B,商,商業區
1209,10,4,,R,住,住宅區
1210,10,4,,R,住,住宅區
1211,11,3,,B,商,商業區
1212,10,4,,R,住,住宅區
1213,11,3,,B,商,商業區
1214,10,4,,R,住,住宅區
1215,11,3,,B,商,商業區
1216,10,4,,R,住,住宅區
1217,10,4,,R,住,住宅區
1218,47,50,,T,保,保護區
1219,10,4,,R,住,住宅區
1220,10,4,,R,住,住宅區
1221,11,3,,B,商,商業區
1222,10,4,,R,住,住宅區
1223,10,4,,R,住,住宅區
1224,10,4,,R,住,住宅區
1225,47,50,,T,保,保護區
1226,47,50,,T,保,保護區
1227,47,50,,T,保,保護區
1228,47,50,,T,保,保護區
1229,47,50,,T,保,保護區
1230,47,50,,T,保,保護區
1231,11,3,,B,商,商業區
1232,11,3,,B,商,商業區
1233,11,3,,B,商,商業區
1234,217,3,,D,特,特定專用區
1235,217,3,,D,特,特定專用區
1236,217,3,,D,特,特定專用區
1237,217,3,,D,特,特定專用區
1238,11,3,,B,商,商業區
1239,217,3,,D,特,特定專用區
1240,11,3,,B,商,商業區
1241,217,3,,D,特,特定專用區
1242,11,3,,B,商,商業區
1243,217,3,,D,特,特定專用區
1244,11,3,,B,商,商業區
1245,10,4,,R,住,住宅區
1246,217,3,,D,特,特定專用區
1247,11,3,,B,商,商業區
1248,10,4,,R,住,住宅區
1249,10,4,,R,住,住宅區
1250,11,3,,B,商,商業區
1251,10,4,,R,住,住宅區
1252,10,4,,R,住,住宅區
1253,10,4,,R,住,住宅區
1254,11,3,,B,商,商業區
1255,217,3,,D,特,特定專用區
1256,217,3,,D,特,特定專用區
1257,11,3,,B,商,商業區
1258,11,3,,B,商,商業區
1259,10,4,,R,住,住宅區
1260,11,3,,B,商,商業區
1261,10,4,,R,住,住宅區
1262,11,3,,B,商,商業區
1263,217,3,,D,特,特定專用區
1264,11,3,,B,商,商業區
1265,217,3,,D,特,特定專用區
1266,11,3,,B,商,商業區
1267,10,4,,R,住,住宅區
1268,10,4,,R,住,住宅區
1269,217,3,,D,特,特定專用區
1270,10,4,,R,住,住宅區
1271,11,3,,B,商,商業區
1272,217,3,,D,特,特定專用區
1273,10,4,,R,住,住宅區
1274,11,3,,B,商,商業區
1275,20,3,,BAH,聯合開發,聯合開發區
1276,11,3,,B,商,商業區
1277,11,3,,B,商,商業區
1278,10,4,,R,住,住宅區
1279,11,3,,B,商,商業區
1280,11,3,,B,商,商業區
1281,11,3,,B,商,商業區
1282,11,3,,B,商,商業區
1283,10,4,,R,住,住宅區
1284,217,3,,D,特,特定專用區
1285,10,4,,R,住,住宅區
1286,10,4,,R,住,住宅區
1287,11,3,,B,商,商業區
1288,11,3,,B,商,商業區
1289,217,3,,D,特,特定專用區
1290,10,4,,R,住,住宅區
1291,11,3,,B,商,商業區
1292,217,3,,D,特,特定專用區
1293,10,4,,R,住,住宅區
1294,11,3,,B,商,商業區
1295,30,15,,K,保存,保存區
1296,30,15,,K,保存,保存區
1297,30,15,,K3,古蹟區,古蹟保存區
1298,217,3,,D,特,特定專用區
1299,11,3,,B,商,商業區
1300,11,3,,B,商,商業區
1301,10,4,,R,住,住宅區
1302,10,4,,R,住,住宅區
1303,11,3,,B,商,商業區
1304,11,3,,B,商,商業區
1305,11,3,,B,商,商業區
1306,11,3,,B,商,商業區
1307,11,3,,B,商,商業區
1308,11,3,,B,商,商業區
1309,11,3,,B,商,商業區
1310,10,4,,R,住,住宅區
1311,11,3,,B,商,商業區
1312,11,3,,B,商,商業區
1313,10,4,,R,住,住宅區
1314,11,3,,B,商,商業區
1315,10,4,,R,住,住宅區
1316,10,4,,R,住,住宅區
1317,11,3,,B,商,商業區
1318,11,3,,B,商,商業區
1319,10,4,,R,住,住宅區
1320,11,3,,B,商,商業區
1321,20,3,,BAH,聯合開發,聯合開發區
1322,11,3,,B,商,商業區
1323,30,15,,K3,古蹟區,古蹟保存區
1324,11,3,,B,商,商業區
1325,11,3,,B,商,商業區
1326,11,3,,B,商,商業區
1327,11,3,,B,商,商業區
1328,10,4,,R,住,住宅區
1329,10,4,,R,住,住宅區
1330,10,4,,R,住,住宅區
1331,11,3,,B,商,商業區
1332,47,50,,T,保,保護區
1333,47,50,,T,保,保護區
1334,10,4,,R,住,住宅區
1335,217,3,,D,特,特定專用區
1336,10,4,,R,住,住宅區
1337,10,4,,R,住,住宅區
1338,11,3,,B,商,商業區
1339,10,4,,R,住,住宅區
1340,11,3,,B,商,商業區
1341,20,3,,BAH,聯合開發,聯合開發區
1342,10,4,,R,住,住宅區
1343,10,4,,R,住,住宅區
1344,47,50,,T,保,保護區
1345,10,4,,R,住,住宅區
1346,10,4,,R,住,住宅區
1347,11,3,,B,商,商業區
1348,10,4,,R,住,住宅區
1349,47,50,,T,保,保護區
1350,11,3,,B,商,商業區
1351,10,4,,R,住,住宅區
1352,11,3,,B,商,商業區
1353,11,3,,B,商,商業區
1354,10,4,,R,住,住宅區
1355,11,3,,B,商,商業區
1356,11,3,,B,商,商業區
1357,10,4,,R,住,住宅區
1358,11,3,,B,商,商業區
1359,10,4,,R,住,住宅區
1360,11,3,,B,商,商業區
1361,10,4,,R,住,住宅區
1362,11,3,,B,商,商業區
1363,10,4,,R,住,住宅區
1364,10,4,,R,住,住宅區
1365,11,3,,B,商,商業區
1366,11,3,,B,商,商業區
1367,10,4,,R,住,住宅區
1368,10,4,,R,住,住宅區
1369,11,3,,B,商,商業區
1370,11,3,,B,商,商業區
1371,11,3,,B,商,商業區
1372,10,4,,R,住,住宅區
1373,11,3,,B,商,商業區
1374,11,3,,B,商,商業區
1375,11,3,,B,商,商業區
1376,10,4,,R,住,住宅區
1377,10,4,,R,住,住宅區
1378,10,4,,R,住,住宅區
1379,10,4,,R,住,住宅區
1380,11,3,,B,商,商業區
1381,11,3,,B,商,商業區
1382,11,3,,B,商,商業區
1383,11,3,,B,商,商業區
1384,10,4,,R,住,住宅區
1385,11,3,,B,商,商業區
1386,10,4,,R,住,住宅區
1387,10,4,,R,住,住宅區
1388,11,3,,B,商,商業區
1389,10,4,,R,住,住宅區
1390,10,4,,R,住,住宅區
1391,10,4,,R,住,住宅區
1392,11,3,,B,商,商業區
1393,11,3,,B,商,商業區
1394,11,3,,B,商,商業區
1395,10,4,,R,住,住宅區
1396,11,3,,B,商,商業區
1397,10,4,,R,住,住宅區
1398,11,3,,B,商,商業區
1399,10,4,,R,住,住宅區
1400,11,3,,B,商,商業區
1401,11,3,,B,商,商業區
1402,10,4,,R,住,住宅區
1403,10,4,,R,住,住宅區
1404,11,3,,B,商,商業區
1405,11,3,,B,商,商業區
1406,11,3,,B,商,商業區
1407,11,3,,B,商,商業區
1408,11,3,,B,商,商業區
1409,11,3,,B,商,商業區
1410,11,3,,B,商,商業區
1411,11,3,,B,商,商業區
1412,11,3,,B,商,商業區
1413,11,3,,B,商,商業區
1414,11,3,,B,商,商業區
1415,11,3,,B,商,商業區
1416,11,3,,B,商,商業區
1417,11,3,,B,商,商業區
1418,11,3,,B,商,商業區
1419,10,4,,R,住,住宅區
1420,11,3,,B,商,商業區
1421,11,3,,B,商,商業區
1422,10,4,,R,住,住宅區
1423,11,3,,B,商,商業區
1424,11,3,,B,商,商業區
1425,11,3,,B,商,商業區
1426,11,3,,B,商,商業區
1427,11,3,,B,商,商業區
1428,10,4,,R,住,住宅區
1429,11,3,,B,商,商業區
1430,11,3,,B,商,商業區
1431,11,3,,B,商,商業區
1432,11,3,,B,商,商業區
1433,10,4,,R,住,住宅區
1434,11,3,,B,商,商業區
1435,11,3,,B,商,商業區
1436,11,3,,B,商,商業區
1437,11,3,,B,商,商業區
1438,10,4,,R,住,住宅區
1439,10,4,,R,住,住宅區
1440,10,4,,R,住,住宅區
1441,10,4,,R,住,住宅區
1442,10,4,,R,住,住宅區
1443,10,4,,R,住,住宅區
1444,11,3,,B,商,商業區
1445,21,9,,I,工,工業區
1446,10,4,,R,住,住宅區
1447,26,10,,C,文教,文教區
1448,11,3,,B,商,商業區
1449,10,4,,R,住,住宅區
1450,29,13,,G,行政,行政區
1451,53,3,,D18,文特,文化特定專用區
1452,29,13,,G,行政,行政區
1453,217,3,,D,特,特定專用區
1454,52,14,,A,農,農業區
1455,52,14,,A,農,農業區
1456,52,14,,A,農,農業區
1457,21,9,,I,工,工業區
1458,21,9,,I,工,工業區
1459,52,14,,A,農,農業區
1460,21,9,,I,工,工業區
1461,52,14,,A,農,農業區
1462,21,9,,I,工,工業區
1463,21,9,,I,工,工業區
1464,52,14,,A,農,農業區
1465,52,14,,A,農,農業區
1466,31,14,,L,風,風景區
1467,31,14,,L,風,風景區
1468,31,14,,L,風,風景區
1469,11,3,,B,商,商業區
1470,11,3,,B,商,商業區
1471,10,4,,R,住,住宅區
1472,10,4,,R,住,住宅區
1473,11,3,,B,商,商業區
1474,10,4,,R,住,住宅區
1475,11,3,,B,商,商業區
1476,11,3,,B,商,商業區
1477,21,9,,I,工,工業區
1478,53,3,,D12,國際公共服務,國際事務及公共服務特定專用區
1479,10,4,,R,住,住宅區
1480,11,3,,B,商,商業區
1481,11,3,,B,商,商業區
1482,20,3,,BAH,聯合開發,聯合開發區
1483,11,3,,B,商,商業區
1484,20,3,,BAH,聯合開發,聯合開發區
1485,11,3,,B,商,商業區
1486,11,3,,B,商,商業區
1487,11,3,,B,商,商業區
1488,11,3,,B,商,商業區
1489,11,3,,B,商,商業區
1490,10,4,,R,住,住宅區
1491,11,3,,B,商,商業區
1492,11,3,,B,商,商業區
1493,11,3,,B,商,商業區
1494,10,4,,R,住,住宅區
1495,217,3,,D,特,特定專用區
1496,11,3,,B,商,商業區
1497,11,3,,B,商,商業區
1498,11,3,,B,商,商業區
1499,10,4,,R,住,住宅區
1500,217,3,,D,特,特定專用區
1501,10,4,,R,住,住宅區
1502,11,3,,B,商,商業區
1503,217,3,,D,特,特定專用區
1504,53,3,,D6,金融專用區,金融服務專用區
1505,217,3,,D,特,特定專用區
1506,217,3,,D,特,特定專用區
1507,217,3,,D,特,特定專用區
1508,11,3,,B,商,商業區
1509,11,3,,B,商,商業區
1510,10,4,,R,住,住宅區
1511,11,3,,B,商,商業區
1512,10,4,,R,住,住宅區
1513,217,3,,D,特,特定專用區
1514,11,3,,B,商,商業區
1515,217,3,,D,特,特定專用區
1516,11,3,,B,商,商業區
1517,11,3,,B,商,商業區
1518,217,3,,D,特,特定專用區
1519,217,3,,D,特,特定專用區
1520,11,3,,B,商,商業區
1521,10,4,,R,住,住宅區
1522,11,3,,B,商,商業區
1523,11,3,,B,商,商業區
1524,10,4,,R,住,住宅區
1525,11,3,,B,商,商業區
1526,11,3,,B,商,商業區
1527,21,9,,I,工,工業區
1528,52,14,,A,農,農業區
1529,10,4,,R,住,住宅區
1530,11,3,,B,商,商業區
1531,10,4,,R,住,住宅區
1532,10,4,,R,住,住宅區
1533,217,3,,D,特,特定專用區
1534,217,3,,D,特,特定專用區
1535,11,3,,B,商,商業區
1536,11,3,,B,商,商業區
1537,10,4,,R,住,住宅區
1538,21,9,,I,工,工業區
1539,11,3,,B,商,商業區
1540,11,3,,B,商,商業區
1541,21,9,,I,工,工業區
1542,11,3,,B,商,商業區
1543,11,3,,B,商,商業區
1544,10,4,,R,住,住宅區
1545,11,3,,B,商,商業區
1546,10,4,,R,住,住宅區
1547,11,3,,B,商,商業區
1548,10,4,,R,住,住宅區
1549,217,3,,D,特,特定專用區
1550,10,4,,R,住,住宅區
1551,223,10,,D24,宗教專用,宗教特定專用區
1552,10,4,,R,住,住宅區
1553,11,3,,B,商,商業區
1554,217,3,,D,特,特定專用區
1555,217,3,,D,特,特定專用區
1556,217,3,,D,特,特定專用區
1557,11,3,,B,商,商業區
1558,11,3,,B,商,商業區
1559,10,4,,R,住,住宅區
1560,11,3,,B,商,商業區
1561,10,4,,R,住,住宅區
1562,11,3,,B,商,商業區
1563,10,4,,R,住,住宅區
1564,10,4,,R,住,住宅區
1565,217,3,,D,特,特定專用區
1566,11,3,,B,商,商業區
1567,217,3,,D,特,特定專用區
1568,217,3,,D,特,特定專用區
1569,217,3,,D,特,特定專用區
1570,217,3,,D,特,特定專用區
1571,217,3,,D,特,特定專用區
1572,10,4,,R,住,住宅區
1573,10,4,,R,住,住宅區
1574,10,4,,R,住,住宅區
1575,11,3,,B,商,商業區
1576,10,4,,R,住,住宅區
1577,10,4,,R,住,住宅區
1578,11,3,,B,商,商業區
1579,11,3,,B,商,商業區
1580,11,3,,B,商,商業區
1581,10,4,,R,住,住宅區
1582,11,3,,B,商,商業區
1583,10,4,,R,住,住宅區
1584,10,4,,R,住,住宅區
1585,11,3,,B,商,商業區
1586,10,4,,R,住,住宅區
1587,11,3,,B,商,商業區
1588,11,3,,B,商,商業區
1589,10,4,,R,住,住宅區
1590,217,3,,D,特,特定專用區
1591,10,4,,R,住,住宅區
1592,217,3,,D,特,特定專用區
1593,10,4,,R,住,住宅區
1594,10,4,,R,住,住宅區
1595,10,4,,R,住,住宅區
1596,26,10,,C,文教,文教區
1597,10,4,,R,住,住宅區
1598,20,3,,BAI,捷運開發,捷運開發區
1599,10,4,,R,住,住宅區
1600,10,4,,R,住,住宅區
1601,10,4,,R,住,住宅區
1602,10,4,,R,住,住宅區
1603,10,4,,R,住,住宅區
1604,10,4,,R,住,住宅區
1605,10,4,,R,住,住宅區
1606,10,4,,R,住,住宅區
1607,217,3,,D,特,特定專用區
1608,47,50,,T,保,保護區
1609,10,4,,R,住,住宅區
1610,11,3,,B,商,商業區
1611,47,50,,T,保,保護區
1612,47,50,,T,保,保護區
1613,47,50,,T,保,保護區
1614,47,50,,T,保,保護區
1615,47,50,,T,保,保護區
1616,47,50,,T,保,保護區
1617,47,50,,T,保,保護區
1618,217,3,,D,特,特定專用區
1619,217,3,,D,特,特定專用區
1620,217,3,,D,特,特定專用區
1621,217,3,,D,特,特定專用區
1622,10,4,,R,住,住宅區
1623,10,4,,R,住,住宅區
1624,10,4,,R,住,住宅區
1625,10,4,,R,住,住宅區
1626,10,4,,R,住,住宅區
1627,10,4,,R,住,住宅區
1628,20,3,,BAI,捷運開發,捷運開發區
1629,10,4,,R,住,住宅區
1630,217,3,,D,特,特定專用區
1631,288,3,,D26,博特,博物館特定專用區
1632,49,7,,PW1,河川區,河川區
1633,49,7,,PW1,河川區,河川區
1634,49,7,,PW1,河川區,河川區
1635,49,7,,PW1,河川區,河川區
1636,49,7,,PW1,河川區,河川區
1637,49,7,,PW1,河川區,河川區
1638,49,7,,PW1,河川區,河川區
1639,26,10,,C,文教,文教區
1640,26,10,,C,文教,文教區
1641,26,10,,C,文教,文教區
1642,26,10,,C,文教,文教區
1643,26,10,,C,文教,文教區
1644,10,4,,R,住,住宅區
1645,118,13,,PUC1,電信專用,電信專用區
1646,21,9,,I,工,工業區
1647,11,3,,B,商,商業區
1648,11,3,,B,商,商業區
1649,20,3,,BAI,捷運開發,捷運開發區
1650,10,4,,R,住,住宅區
1651,11,3,,B,商,商業區
1652,10,4,,R,住,住宅區
1653,11,3,,B,商,商業區
1654,20,3,,BAI,捷運開發,捷運開發區
1655,11,3,,B,商,商業區
1656,11,3,,B,商,商業區
1657,11,3,,B,商,商業區
1658,21,9,,I,工,工業區
1659,21,9,,I,工,工業區
1660,11,3,,B,商,商業區
1661,217,3,,D,特,特定專用區
1662,47,50,,T,保,保護區
1663,47,50,,T,保,保護區
1664,47,50,,T,保,保護區
1665,47,50,,T,保,保護區
1666,53,3,,D15,露營專用,露營場專用區
1667,47,50,,T,保,保護區
1668,10,4,,R,住,住宅區
1669,26,10,,C,文教,文教區
1670,47,50,,T,保,保護區
1671,52,14,,A,農,農業區
1672,47,50,,T,保,保護區
1673,47,50,,T,保,保護區
1674,10,4,,R,住,住宅區
1675,10,4,,R,住,住宅區
1676,217,3,,D,特,特定專用區
1677,21,9,,I,工,工業區
1678,224,3,,D25,產業專用,產業支援專用區
1679,11,3,,B,商,商業區
1680,47,50,,T,保,保護區
1681,47,50,,T,保,保護區
1682,49,7,,PW1,河川區,河川區
1683,49,7,,PW1,河川區,河川區
1684,49,7,,PW1,河川區,河川區
1685,49,7,,PW1,河川區,河川區
1686,49,7,,PW1,河川區,河川區
1687,49,7,,PW1,河川區,河川區
1688,49,7,,PW1,河川區,河川區
1689,26,10,,C,文教,文教區
1690,26,10,,C,文教,文教區
1691,10,4,,R,住,住宅區
1692,49,7,,PW1,河川區,河川區
1693,49,7,,PW1,河川區,河川區
1694,49,7,,PW1,河川區,河川區
1695,49,7,,PW1,河川區,河川區
1696,49,7,,PW1,河川區,河川區
1697,49,7,,PW1,河川區,河川區
1698,49,7,,PW1,河川區,河川區
1699,11,3,,B,商,商業區
1700,26,10,,C,文教,文教區
1701,26,10,,C,文教,文教區
1702,11,3,,B,商,商業區
1703,118,13,,PUC1,電信專用,電信專用區
1704,30,15,,K,保存,保存區
1705,49,7,,PW1,河川區,河川區
1706,49,7,,PW1,河川區,河川區
1707,49,7,,PW1,河川區,河川區
1708,49,7,,PW1,河川區,河川區
1709,49,7,,PW1,河川區,河川區
1710,49,7,,PW1,河川區,河川區
1711,49,7,,PW1,河川區,河川區
1712,10,4,,R,住,住宅區
1713,11,3,,B,商,商業區
1714,11,3,,B,商,商業區
1715,11,3,,B,商,商業區
1716,11,3,,B,商,商業區
1717,10,4,,R,住,住宅區
1718,11,3,,B,商,商業區
1719,11,3,,B,商,商業區
1720,10,4,,R,住,住宅區
1721,10,4,,R,住,住宅區
1722,10,4,,R,住,住宅區
1723,52,14,,A,農,農業區
1724,52,14,,A,農,農業區
1725,52,14,,A,農,農業區
1726,47,50,,T,保,保護區
1727,217,3,,D,特,特定專用區
1728,26,10,,C,文教,文教區
1729,26,10,,C,文教,文教區
1730,26,10,,C,文教,文教區
1731,26,10,,C,文教,文教區
1732,10,4,,R,住,住宅區
1733,26,10,,C,文教,文教區
1734,26,10,,C,文教,文教區
1735,26,10,,C,文教,文教區
1736,26,10,,C,文教,文教區
1737,26,10,,C,文教,文教區
1738,10,4,,R,住,住宅區
1739,47,50,,T,保,保護區
1740,11,3,,B,商,商業區
1741,47,50,,T,保,保護區
1742,47,50,,T,保,保護區
1743,26,10,,C,文教,文教區
1744,47,50,,T,保,保護區
1745,47,50,,T,保,保護區
1746,10,4,,R,住,住宅區
1747,10,4,,R,住,住宅區
1748,223,10,,D24,宗教專用,宗教特定專用區
1749,118,13,,PUC1,電信專用,電信專用區
1750,28,29,,F,娛,娛樂區
1751,49,7,,PW1,河川區,河川區
1752,49,7,,PW1,河川區,河川區
1753,49,7,,PW1,河川區,河川區
1754,49,7,,PW1,河川區,河川區
1755,49,7,,PW1,河川區,河川區
1756,49,7,,PW1,河川區,河川區
1757,49,7,,PW1,河川區,河川區
1758,49,7,,PW1,河川區,河川區
1759,49,7,,PW1,河川區,河川區
1760,49,7,,PW1,河川區,河川區
1761,49,7,,PW1,河川區,河川區
1762,49,7,,PW1,河川區,河川區
1763,31,14,,L,風,風景區
1764,11,3,,B,商,商業區
1765,10,4,,R,住,住宅區
1766,26,10,,C,文教,文教區
1767,10,4,,R,住,住宅區
1768,10,4,,R,住,住宅區
1769,298,3,,D28,溫特區,溫泉產業特定專用區
1770,298,3,,D28,溫特區,溫泉產業特定專用區
1771,10,4,,R,住,住宅區
1772,10,4,,R,住,住宅區
1773,26,10,,C,文教,文教區
1774,52,14,,A,農,農業區
1775,47,50,,T,保,保護區
1776,47,50,,T,保,保護區
1777,47,50,,T,保,保護區
1778,47,50,,T,保,保護區
1779,10,4,,R,住,住宅區
1780,47,50,,T,保,保護區
1781,49,7,,PW1,河川區,河川區
1782,49,7,,PW1,河川區,河川區
1783,49,7,,PW1,河川區,河川區
1784,49,7,,PW1,河川區,河川區
1785,49,7,,PW1,河川區,河川區
1786,49,7,,PW1,河川區,河川區
1787,49,7,,PW1,河川區,河川區
1788,49,7,,PW1,河川區,河川區
1789,49,7,,PW1,河川區,河川區
1790,49,7,,PW1,河川區,河川區
1791,49,7,,PW1,河川區,河川區
1792,49,7,,PW1,河川區,河川區
1793,47,50,,T,保,保護區
1794,26,10,,C,文教,文教區
1795,26,10,,C,文教,文教區
1796,10,4,,R,住,住宅區
1797,47,50,,T,保,保護區
1798,47,50,,T,保,保護區
1799,49,7,,PW1,河川區,河川區
1800,49,7,,PW1,河川區,河川區
1801,49,7,,PW1,河川區,河川區
1802,49,7,,PW1,河川區,河川區
1803,49,7,,PW1,河川區,河川區
1804,49,7,,PW1,河川區,河川區
1805,49,7,,PW1,河川區,河川區
1806,49,7,,PW1,河川區,河川區
1807,49,7,,PW1,河川區,河川區
1808,49,7,,PW1,河川區,河川區
1809,49,7,,PW1,河川區,河川區
1810,49,7,,PW1,河川區,河川區
1811,49,7,,PW1,河川區,河川區
1812,49,7,,PW1,河川區,河川區
1813,49,7,,PW1,河川區,河川區
1814,49,7,,PW1,河川區,河川區
1815,49,7,,PW1,河川區,河川區
1816,49,7,,PW1,河川區,河川區
1817,49,7,,PW1,河川區,河川區
1818,49,7,,PW1,河川區,河川區
1819,49,7,,PW1,河川區,河川區
1820,49,7,,W,行水,行水區
1821,49,7,,PW1,河川區,河川區
1822,49,7,,PW1,河川區,河川區
1823,49,7,,W,行水,行水區
1824,49,7,,PW1,河川區,河川區
1825,11,3,,B,商,商業區
1826,11,3,,B,商,商業區
1827,10,4,,R,住,住宅區
1828,11,3,,B,商,商業區
1829,11,3,,B,商,商業區
1830,10,4,,R,住,住宅區
1831,10,4,,R,住,住宅區
1832,49,7,,PW1,河川區,河川區
1833,49,7,,PW1,河川區,河川區
1834,49,7,,PW1,河川區,河川區
1835,49,7,,PW1,河川區,河川區
1836,49,7,,PW1,河川區,河川區
1837,49,7,,PW1,河川區,河川區
1838,49,7,,PW1,河川區,河川區
1839,11,3,,B,商,商業區
1840,11,3,,B,商,商業區
1841,11,3,,B,商,商業區
1842,11,3,,B,商,商業區
1843,10,4,,R,住,住宅區
1844,10,4,,R,住,住宅區
1845,10,4,,R,住,住宅區
1846,30,15,,K,保存,保存區
1847,11,3,,B,商,商業區
1848,10,4,,R,住,住宅區
1849,26,10,,C,文教,文教區
1850,10,4,,R,住,住宅區
1851,11,3,,B,商,商業區
1852,26,10,,C,文教,文教區
1853,10,4,,R,住,住宅區
1854,10,4,,R,住,住宅區
1855,26,10,,C,文教,文教區
1856,26,10,,C,文教,文教區
1857,10,4,,R,住,住宅區
1858,47,50,,T,保,保護區
1859,47,50,,T,保,保護區
1860,47,50,,T,保,保護區
1861,47,50,,T,保,保護區
1862,47,50,,T,保,保護區
1863,10,4,,R,住,住宅區
1864,10,4,,R,住,住宅區
1865,10,4,,R,住,住宅區
1866,10,4,,R,住,住宅區
1867,47,50,,T,保,保護區
1868,47,50,,T,保,保護區
1869,10,4,,R,住,住宅區
1870,47,50,,T,保,保護區
1871,47,50,,T,保,保護區
1872,47,50,,T,保,保護區
1873,47,50,,T,保,保護區
1874,47,50,,T,保,保護區
1875,47,50,,T,保,保護區
1876,47,50,,T,保,保護區
1877,47,50,,T,保,保護區
1878,47,50,,T,保,保護區
1879,47,50,,T,保,保護區
1880,47,50,,T,保,保護區
1881,10,4,,R,住,住宅區
1882,10,4,,R,住,住宅區
1883,11,3,,B,商,商業區
1884,10,4,,R,住,住宅區
1885,47,50,,T,保,保護區
1886,47,50,,T,保,保護區
1887,10,4,,R,住,住宅區
1888,49,7,,PW1,河川區,河川區
1889,47,50,,T,保,保護區
1890,47,50,,T,保,保護區
1891,47,50,,T,保,保護區
1892,47,50,,T,保,保護區
1893,47,50,,T,保,保護區
1894,47,50,,T,保,保護區
1895,47,50,,T,保,保護區
1896,47,50,,T,保,保護區
1897,47,50,,T,保,保護區
1898,47,50,,T,保,保護區
1899,47,50,,T,保,保護區
1900,10,4,,R,住,住宅區
1901,47,50,,T,保,保護區
1902,49,7,,PW1,河川區,河川區
1903,49,7,,PW1,河川區,河川區
1904,10,4,,R,住,住宅區
1905,47,50,,T,保,保護區
1906,47,50,,T,保,保護區
1907,47,50,,T,保,保護區
1908,47,50,,T,保,保護區
1909,47,50,,T,保,保護區
1910,47,50,,T,保,保護區
1911,47,50,,T,保,保護區
1912,47,50,,T,保,保護區
1913,47,50,,T,保,保護區
1914,47,50,,T,保,保護區
1915,217,3,,D,特,特定專用區
1916,217,3,,D,特,特定專用區
1917,217,3,,D,特,特定專用區
1918,53,3,,O1,機場專區,機場邊緣特定專用區
1919,52,14,,A,農,農業區
1920,11,3,,B,商,商業區
1921,29,13,,G,行政,行政區
1922,26,10,,C,文教,文教區
1923,29,13,,G,行政,行政區
1924,30,15,,K,保存,保存區
1925,11,3,,B,商,商業區
1926,11,3,,B,商,商業區
1927,11,3,,B,商,商業區
1928,11,3,,B,商,商業區
1929,29,13,,G,行政,行政區
1930,26,10,,C,文教,文教區
1931,26,10,,C,文教,文教區
1932,26,10,,C,文教,文教區
1933,26,10,,C,文教,文教區
1934,10,4,,R,住,住宅區
1935,49,7,,PW1,河川區,河川區
1936,49,7,,PW1,河川區,河川區
1937,49,7,,PW1,河川區,河川區
1938,49,7,,PW1,河川區,河川區
1939,49,7,,PW1,河川區,河川區
1940,49,7,,PW1,河川區,河川區
1941,49,7,,PW1,河川區,河川區
1942,49,7,,PW1,河川區,河川區
1943,49,7,,PW1,河川區,河川區
1944,49,7,,PW1,河川區,河川區
1945,10,4,,R,住,住宅區
1946,47,50,,T,保,保護區
1947,21,9,,I,工,工業區
1948,217,3,,D,特,特定專用區
1949,49,7,,PW1,河川區,河川區
1950,47,50,,T,保,保護區
1951,49,7,,PW1,河川區,河川區
1952,217,3,,D,特,特定專用區
1953,49,7,,PW1,河川區,河川區
1954,49,7,,PW1,河川區,河川區
1955,49,7,,PW1,河川區,河川區
1956,49,7,,PW1,河川區,河川區
1957,49,7,,PW1,河川區,河川區
1958,49,7,,PW1,河川區,河川區
1959,49,7,,PW1,河川區,河川區
1960,49,7,,PW1,河川區,河川區
1961,49,7,,PW1,河川區,河川區
1962,49,7,,PW1,河川區,河川區
1963,49,7,,PW1,河川區,河川區
1964,49,7,,PW1,河川區,河川區
1965,49,7,,PW1,河川區,河川區
1966,52,14,,A,農,農業區
1967,10,4,,R,住,住宅區
1968,47,50,,T,保,保護區
1969,26,10,,C,文教,文教區
1970,26,10,,C,文教,文教區
1971,11,3,,B,商,商業區
1972,49,7,,PW1,河川區,河川區
1973,49,7,,PW1,河川區,河川區
1974,49,7,,PW1,河川區,河川區
1975,11,3,,B,商,商業區
1976,10,4,,R,住,住宅區
1977,26,10,,C,文教,文教區
1978,30,15,,K,保存,保存區
1979,26,10,,C,文教,文教區
1980,10,4,,R,住,住宅區
1981,10,4,,R,住,住宅區
1982,10,4,,R,住,住宅區
1983,10,4,,R,住,住宅區
1984,10,4,,R,住,住宅區
1985,10,4,,R,住,住宅區
1986,47,50,,T,保,保護區
1987,298,3,,D28,溫特區,溫泉產業特定專用區
1988,298,3,,D28,溫特區,溫泉產業特定專用區
1989,298,3,,D28,溫特區,溫泉產業特定專用區
1990,298,3,,D28,溫特區,溫泉產業特定專用區
1991,52,14,,A,農,農業區
1992,49,7,,PW1,河川區,河川區
1993,47,50,,T,保,保護區
1994,47,50,,T,保,保護區
1995,10,4,,R,住,住宅區
1996,47,50,,T,保,保護區
1997,47,50,,T,保,保護區
1998,30,15,,K,保存,保存區
1999,30,15,,K,保存,保存區
2000,298,3,,D28,溫特區,溫泉產業特定專用區
2001,298,3,,D28,溫特區,溫泉產業特定專用區
2002,10,4,,R,住,住宅區
2003,26,10,,C,文教,文教區
2004,10,4,,R,住,住宅區
2005,10,4,,R,住,住宅區
2006,47,50,,T,保,保護區
2007,10,4,,R,住,住宅區
2008,26,10,,C,文教,文教區
2009,10,4,,R,住,住宅區
2010,10,4,,R,住,住宅區
2011,10,4,,R,住,住宅區
2012,11,3,,B,商,商業區
2013,10,4,,R,住,住宅區
2014,10,4,,R,住,住宅區
2015,20,3,,B5,觀商,特定觀光商業專用區
2016,10,4,,R,住,住宅區
2017,10,4,,R5,休閒,特定休閒旅館住宅專用區
2018,47,50,,T,保,保護區
2019,11,3,,B,商,商業區
2020,20,3,,BAI,捷運開發,捷運開發區
2021,11,3,,B,商,商業區
2022,11,3,,B,商,商業區
2023,10,4,,R,住,住宅區
2024,10,4,,R,住,住宅區
2025,11,3,,B,商,商業區
2026,20,3,,BAI,捷運開發,捷運開發區
2027,20,3,,BAI,捷運開發,捷運開發區
2028,47,50,,T,保,保護區
2029,11,3,,B,商,商業區
2030,21,9,,I,工,工業區
2031,278,13,,D29,電信社福,電信及社會福利專用區
2032,10,4,,R,住,住宅區
2033,47,50,,T,保,保護區
2034,10,4,,R,住,住宅區
2035,30,15,,K,保存,保存區
2036,41,10,,PSG,大學用地,大學用地
2037,41,10,,PSG,大學用地,大學用地
2038,26,10,,C,文教,文教區
2039,10,4,,R,住,住宅區
2040,10,4,,R,住,住宅區
2041,298,3,,D28,溫特區,溫泉產業特定專用區
2042,298,3,,D28,溫特區,溫泉產業特定專用區
2043,298,3,,D28,溫特區,溫泉產業特定專用區
2044,21,9,,I,工,工業區
2045,217,3,,D,特,特定專用區
2046,21,9,,I,工,工業區
2047,21,9,,I,工,工業區
2048,217,3,,D,特,特定專用區
2049,21,9,,I,工,工業區
2050,21,9,,I,工,工業區
2051,53,3,,D6,金融專用區,金融服務專用區
2052,10,4,,R,住,住宅區
2053,217,3,,D,特,特定專用區
2054,21,9,,I,工,工業區
2055,10,4,,R,住,住宅區
2056,47,50,,T,保,保護區
2057,47,50,,T,保,保護區
2058,10,4,,R,住,住宅區
2059,47,50,,T,保,保護區
2060,47,50,,T,保,保護區
2061,47,50,,T,保,保護區
2062,217,3,,D,特,特定專用區
2063,217,3,,D,特,特定專用區
2064,21,9,,I,工,工業區
2065,298,3,,D28,溫特區,溫泉產業特定專用區
2066,298,3,,D28,溫特區,溫泉產業特定專用區
2067,298,3,,D28,溫特區,溫泉產業特定專用區
2068,298,3,,D28,溫特區,溫泉產業特定專用區
2069,11,3,,B,商,商業區
2070,10,4,,R,住,住宅區
2071,47,50,,T,保,保護區
2072,10,4,,R,住,住宅區
2073,30,15,,KD,寺專,寺廟專用區
2074,30,15,,KD,寺專,寺廟專用區
2075,10,4,,R,住,住宅區
2076,10,4,,R,住,住宅區
2077,10,4,,R,住,住宅區
2078,10,4,,R,住,住宅區
2079,47,50,,T,保,保護區
2080,47,50,,T,保,保護區
2081,47,50,,T,保,保護區
2082,47,50,,T,保,保護區
2083,47,50,,T,保,保護區
2084,52,14,,A,農,農業區
2085,52,14,,A,農,農業區
2086,192,10,,CKA1,文教,文教區(供馬偕醫護管理專科學校使用)
2087,191,10,,CJA1,文教,文教區(供臺北城市科技大學使用)
2088,189,10,,CIA1,文教,文教區(供幼華高級中學使用)
2089,187,10,,CHA1,文教,文教區(供私立薇閣中小學使用)
2090,187,10,,CHA1,文教,文教區(供私立薇閣中小學使用)
2091,190,10,,CIA2,文教,文教區(供奎山實驗高級中等學校使用)
2092,21,9,,I,工,工業區
2093,47,50,,T,保,保護區
2094,47,50,,T,保,保護區
2095,47,50,,T,保,保護區
2096,47,50,,T,保,保護區
2097,47,50,,T,保,保護區
2098,10,4,,R,住,住宅區
2099,47,50,,T,保,保護區
2100,47,50,,T,保,保護區
2101,47,50,,T,保,保護區
2102,47,50,,T,保,保護區
2103,10,4,,R,住,住宅區
2104,10,4,,R,住,住宅區
2105,47,50,,T,保,保護區
2106,47,50,,T,保,保護區
2107,10,4,,R,住,住宅區
2108,10,4,,R,住,住宅區
2109,30,3,,K5,聚落專用,聚落風貌保存專用區
2110,10,4,,R,住,住宅區
2111,30,3,,K5,聚落專用,聚落風貌保存專用區
2112,30,3,,K5,聚落專用,聚落風貌保存專用區
2113,30,3,,K5,聚落專用,聚落風貌保存專用區
2114,217,3,,D,特,特定專用區
2115,47,50,,T,保,保護區
2116,47,50,,T,保,保護區
2117,47,50,,T,保,保護區
2118,10,4,,R,住,住宅區
2119,47,50,,T,保,保護區
2120,47,50,,T,保,保護區
2121,10,4,,R,住,住宅區
2122,38,13,,PHD,醫專,醫療專用區
2123,21,9,,I,工,工業區
2124,31,14,,L,風,風景區
2125,31,14,,L,風,風景區
2126,10,4,,R,住,住宅區
2127,10,4,,R,住,住宅區
2128,52,14,,A,農,農業區
2129,190,10,,CIA3,文教,文教區(供私立東山高中使用)
2130,190,10,,CIA3,文教,文教區(供私立東山高中使用)
2131,190,10,,CIA3,文教,文教區(供私立東山高中使用)
2132,190,10,,CIA3,文教,文教區(供私立東山高中使用)
2133,47,50,,T,保,保護區
2134,47,50,,T,保,保護區
2135,53,50,,D19,休特,休閒農業特定專用區
2136,53,50,,D19,休特,休閒農業特定專用區
2137,53,50,,D19,休特,休閒農業特定專用區
2138,53,50,,D19,休特,休閒農業特定專用區
2139,53,50,,D19,休特,休閒農業特定專用區
2140,53,50,,D19,休特,休閒農業特定專用區
2141,53,50,,D19,休特,休閒農業特定專用區
2142,21,9,,I,工,工業區
2143,53,50,,D19,休特,休閒農業特定專用區
2144,47,50,,T,保,保護區
2145,11,3,,B,商,商業區
2146,217,3,,D,特,特定專用區
2147,217,3,,D,特,特定專用區
2148,41,10,,PSG,大學用地,大學用地
2149,21,9,,I,工,工業區
2150,48,5,,PFE,堤,堤防用地
2151,26,10,,CDU,中國海專,私立中國海專用地
2152,32,19,,PEA,公,公園用地
2153,112,18,,PUB,電力,電力設施用地
2154,43,18,,PTC,車站,車站用地
2155,41,10,,PSB,國小,國小用地
2156,41,10,,PSC,國中,國中用地
2157,32,19,,PEA,公,公園用地
2158,32,19,,PEA,公,公園用地
2159,32,19,,PEA,公,公園用地
2160,35,13,,PG,機,機關用地
2161,38,13,,PHC,醫療,醫療用地
2162,32,19,,PEA,公,公園用地
2163,48,5,,PFE,堤,堤防用地
2164,32,19,,PEA,公,公園用地
2165,42,18,,PTA,交,交通用地
2166,41,10,,PSB,國小,國小用地
2167,35,13,,PG,機,機關用地
2168,35,13,,PG,機,機關用地
2169,35,13,,PG,機,機關用地
2170,45,17,,PUG,油,加油站用地
2171,46,18,,PUA,煤氣,煤氣公用事業用地
2172,42,11,,PTA3,高速公路,高速公路用地
2173,41,10,,PSB,國小,國小用地
2174,35,13,,PG,機,機關用地
2175,48,5,,PFE,堤,堤防用地
2176,48,5,,PFE,堤,堤防用地
2177,48,5,,PFE,堤,堤防用地
2178,48,5,,PFE,堤,堤防用地
2179,48,5,,PFE,堤,堤防用地
2180,35,13,,PG,機,機關用地
2181,45,13,,PUF,郵,郵政用地
2182,41,10,,PSB,國小,國小用地
2183,32,19,,PEA,公,公園用地
2184,49,7,,PFB,排水溝,排水溝用地
2185,49,7,,PFB,排水溝,排水溝用地
2186,49,7,,PFB,排水溝,排水溝用地
2187,49,7,,PFB,排水溝,排水溝用地
2188,41,10,,PSB,國小,國小用地
2189,42,18,,PTA,交,交通用地
2190,35,13,,PG,機,機關用地
2191,46,13,,PUC,電信,電信用地
2192,32,19,,PEA,公,公園用地
2193,42,18,,PTA,交,交通用地
2194,35,13,,PG,機,機關用地
2195,35,13,,PGAD,市民運動中心,市民運動中心用地
2196,35,13,,PG,機,機關用地
2197,42,18,,PTA1,人行步道,人行步道用地
2198,32,19,,PEB,綠,綠地用地
2199,32,19,,PEA,公,公園用地
2200,41,10,,PSC,國中,國中用地
2201,35,13,,PG,機,機關用地
2202,35,13,,PG,機,機關用地
2203,35,13,,PG,機,機關用地
2204,42,18,,PTA,交,交通用地
2205,35,13,,PG,機,機關用地
2206,46,18,,PUB1,變,變電所用地
2207,32,19,,PEB,綠,綠地用地
2208,32,19,,PEB,綠,綠地用地
2209,32,19,,PEB,綠,綠地用地
2210,32,19,,PEA,公,公園用地
2211,49,13,,PFC2,調節池,防洪調節池用地
2212,35,13,,PG,機,機關用地
2213,32,19,,PEA,公,公園用地
2214,42,18,,PTA1,人行步道,人行步道用地
2215,32,19,,PEB,綠,綠地用地
2216,32,19,,PEB,綠,綠地用地
2217,32,19,,PEB,綠,綠地用地
2218,42,18,,PTA1,人行步道,人行步道用地
2219,42,18,,PTA1,人行步道,人行步道用地
2220,42,18,,PTA1,人行步道,人行步道用地
2221,32,19,,PEB,綠,綠地用地
2222,46,18,,PUB1,變,變電所用地
2223,32,19,,PEB,綠,綠地用地
2224,42,18,,PTA1,人行步道,人行步道用地
2225,276,10,,PSE,高職,高職用地
2226,41,10,,PSD,高中,高中用地
2227,35,13,,PGA0,社教機構,社教機構用地
2228,32,19,,PEA,公,公園用地
2229,32,19,,PEB,綠,綠地用地
2230,34,17,,PED,廣場,廣場用地
2231,35,13,,PG,機,機關用地
2232,32,19,,PEA,公,公園用地
2233,39,16,,PM,市,市場用地
2234,43,18,,PTB,鐵,鐵路用地
2235,42,18,,PTA,交,交通用地
2236,42,18,,PTA,交,交通用地
2237,42,18,,PTA,交,交通用地
2238,41,10,,PSB,國小,國小用地
2239,49,13,,PFD1,抽,抽水站用地
2240,39,16,,PM,市,市場用地
2241,32,19,,PEA,公,公園用地
2242,41,10,,PSF,大專,大專用地
2243,32,19,,PEB,綠,綠地用地
2244,32,19,,PEA,公,公園用地
2245,32,19,,PEA,公,公園用地
2246,32,19,,PEA,公,公園用地
2247,32,19,,PEA,公,公園用地
2248,32,19,,PEA,公,公園用地
2249,45,17,,PUG,油,加油站用地
2250,41,10,,PSB,國小,國小用地
2251,42,18,,PTA,交,交通用地
2252,42,18,,PTA,交,交通用地
2253,42,18,,PTA,交,交通用地
2254,35,13,,PG,機,機關用地
2255,35,13,,PG,機,機關用地
2256,35,13,,PG,機,機關用地
2257,41,10,,PSB,國小,國小用地
2258,32,19,,PEA,公,公園用地
2259,32,19,,PEA,公,公園用地
2260,32,19,,PEB,綠,綠地用地
2261,32,19,,PEA,公,公園用地
2262,49,7,,PFB,排水溝,排水溝用地
2263,49,13,,PFD1,抽,抽水站用地
2264,35,13,,PG,機,機關用地
2265,41,10,,PSC,國中,國中用地
2266,35,13,,PG,機,機關用地
2267,43,16,,PTD,停,停車場用地
2268,46,18,,PUB1,變,變電所用地
2269,41,10,,PSB,國小,國小用地
2270,44,13,,PUE2,自,自來水用地
2271,41,10,,PSB,國小,國小用地
2272,35,13,,PG,機,機關用地
2273,41,10,,PSB,國小,國小用地
2274,32,19,,PEA,公,公園用地
2275,35,13,,PG,機,機關用地
2276,39,16,,PM,市,市場用地
2277,42,18,,PTA,交,交通用地
2278,32,19,,PEA,公,公園用地
2279,32,19,,PEA,公,公園用地
2280,32,19,,PEB,綠,綠地用地
2281,37,13,,PGC,軍事機關,軍事機關用地
2282,32,19,,PEA,公,公園用地
2283,32,19,,PEB,綠,綠地用地
2284,32,19,,PEB,綠,綠地用地
2285,42,18,,PTA8,擋土牆護坡,擋土牆護坡用地
2286,42,18,,PTA8,擋土牆護坡,擋土牆護坡用地
2287,32,19,,PEB,綠,綠地用地
2288,32,19,,PEB,綠,綠地用地
2289,32,19,,PEB,綠,綠地用地
2290,49,13,,PFD1,抽,抽水站用地
2291,35,13,,PG,機,機關用地
2292,42,18,,PTA,交,交通用地
2293,32,19,,PEA,公,公園用地
2294,32,19,,PEA,公,公園用地
2295,35,13,,PGA0,社教機構,社教機構用地
2296,35,13,,PG,機,機關用地
2297,32,19,,PEA,公,公園用地
2298,49,7,,PFA,河道,河道用地
2299,49,7,,PFA,河道,河道用地
2300,49,7,,PFA,河道,河道用地
2301,41,10,,PSB,國小,國小用地
2302,41,10,,PSC,國中,國中用地
2303,41,10,,PSD3,啟智學校,市立啟智學校用地
2304,41,10,,PSD4,啟明學校,市立啟明學校用地
2305,33,19,,PEC2,體育場,體育場用地
2306,42,18,,PTA6,道路護坡,道路護坡用地
2307,42,18,,PTA6,道路護坡,道路護坡用地
2308,42,18,,PTA6,道路護坡,道路護坡用地
2309,42,18,,PTA6,道路護坡,道路護坡用地
2310,42,18,,PTA6,道路護坡,道路護坡用地
2311,46,13,,PUB3,電路鐵塔,電路鐵塔用地
2312,41,10,,PSB,國小,國小用地
2313,32,19,,PEA,公,公園用地
2314,35,13,,PG,機,機關用地
2315,32,19,,PEB,綠,綠地用地
2316,34,17,,PED,廣場,廣場用地
2317,34,17,,PED,廣場,廣場用地
2318,41,10,,PSB,國小,國小用地
2319,32,19,,PEA,公,公園用地
2320,35,13,,PG,機,機關用地
2321,32,19,,PEB,綠,綠地用地
2322,32,19,,PEA,公,公園用地
2323,34,17,,PED,廣場,廣場用地
2324,43,16,,PTD,停,停車場用地
2325,32,19,,PEB,綠,綠地用地
2326,32,19,,PEB,綠,綠地用地
2327,32,19,,PEB,綠,綠地用地
2328,32,19,,PEB,綠,綠地用地
2329,32,19,,PEB,綠,綠地用地
2330,44,13,,PUE2,自,自來水用地
2331,32,19,,PEA,公,公園用地
2332,32,19,,PEA,公,公園用地
2333,32,19,,PEB,綠,綠地用地
2334,46,13,,PUC,電信,電信用地
2335,44,13,,PUE2,自,自來水用地
2336,35,13,,PG,機,機關用地
2337,32,19,,PEB3,綠(苗),綠地(苗圃)
2338,32,19,,PEB3,綠(苗),綠地(苗圃)
2339,32,19,,PEB3,綠(苗),綠地(苗圃)
2340,35,13,,PG,機,機關用地
2341,35,13,,PG,機,機關用地
2342,45,17,,PUG,油,加油站用地
2343,46,13,,PUC,電信,電信用地
2344,41,10,,PSC,國中,國中用地
2345,26,10,,CEC,文化大學,私立文化大學用地
2346,26,10,,CEC,文化大學,私立文化大學用地
2347,26,10,,CEC,文化大學,私立文化大學用地
2348,26,10,,CEC,文化大學,私立文化大學用地
2349,26,10,,CEC,文化大學,私立文化大學用地
2350,26,10,,CEC,文化大學,私立文化大學用地
2351,44,13,,PUE2,自,自來水用地
2352,32,19,,PEA,公,公園用地
2353,44,13,,PUE4,加壓站,自來水加壓站用地
2354,46,13,,PUC,電信,電信用地
2355,44,13,,PUE,水,自來水事業用地
2356,32,19,,PEB,綠,綠地用地
2357,32,19,,PEB,綠,綠地用地
2358,32,19,,PEB,綠,綠地用地
2359,32,19,,PEB,綠,綠地用地
2360,32,19,,PEB,綠,綠地用地
2361,41,10,,PSC,國中,國中用地
2362,35,13,,PG,機,機關用地
2363,32,19,,PEA,公,公園用地
2364,35,13,,PG,機,機關用地
2365,41,10,,PSB,國小,國小用地
2366,44,13,,PUE2,自,自來水用地
2367,32,19,,PEB3,綠(苗),綠地(苗圃)
2368,32,19,,PEA,公,公園用地
2369,44,13,,PUE,水,自來水事業用地
2370,32,19,,PEB,綠,綠地用地
2371,32,19,,PEB,綠,綠地用地
2372,32,19,,PEB,綠,綠地用地
2373,32,19,,PEB,綠,綠地用地
2374,32,19,,PEB,綠,綠地用地
2375,32,19,,PEB,綠,綠地用地
2376,32,19,,PEB,綠,綠地用地
2377,32,19,,PEB,綠,綠地用地
2378,32,19,,PEB,綠,綠地用地
2379,32,19,,PEB,綠,綠地用地
2380,32,19,,PEB,綠,綠地用地
2381,32,19,,PEB,綠,綠地用地
2382,32,19,,PEB,綠,綠地用地
2383,32,19,,PEB,綠,綠地用地
2384,35,13,,PG,機,機關用地
2385,35,13,,PG,機,機關用地
2386,49,7,,PFB3,水溝,水溝用地
2387,46,18,,PUB1,變,變電所用地
2388,40,18,,PPC,污,污水處理場用地
2389,35,13,,PG,機,機關用地
2390,35,13,,PGA0,社教機構,社教機構用地
2391,46,13,,PUC,電信,電信用地
2392,35,13,,PG,機,機關用地
2393,41,10,,PSB,國小,國小用地
2394,41,10,,PSC,國中,國中用地
2395,41,10,,PSB,國小,國小用地
2396,41,10,,PS,文,學校用地
2397,41,10,,PSB,國小,國小用地
2398,42,11,,PTA3,高速公路,高速公路用地
2399,42,11,,PTA3,高速公路,高速公路用地
2400,42,11,,PTA3,高速公路,高速公路用地
2401,35,13,,PG,機,機關用地
2402,44,13,,PUE,水,自來水事業用地
2403,35,13,,PG,機,機關用地
2404,35,13,,PG,機,機關用地
2405,35,13,,PG,機,機關用地
2406,35,13,,PG,機,機關用地
2407,49,13,,PFD1,抽,抽水站用地
2408,49,13,,PFD1,抽,抽水站用地
2409,49,13,,PFD1,抽,抽水站用地
2410,49,7,,PFB,排水溝,排水溝用地
2411,49,7,,PFB,排水溝,排水溝用地
2412,49,7,,PFB,排水溝,排水溝用地
2413,49,7,,PFB,排水溝,排水溝用地
2414,49,7,,PFB,排水溝,排水溝用地
2415,43,18,,PTG2,轉運站,轉運站用地
2416,32,19,,PEA,公,公園用地
2417,42,18,,PTA,交,交通用地
2418,41,10,,PSC,國中,國中用地
2419,35,13,,PG,機,機關用地
2420,32,19,,PEA,公,公園用地
2421,42,18,,PTA,交,交通用地
2422,41,10,,PSB,國小,國小用地
2423,41,10,,PSC,國中,國中用地
2424,32,19,,PEA,公,公園用地
2425,35,13,,PG,機,機關用地
2426,35,13,,PG,機,機關用地
2427,41,10,,PSB,國小,國小用地
2428,41,10,,PSD,高中,高中用地
2429,276,10,,PSE,高職,高職用地
2430,35,13,,PG,機,機關用地
2431,35,13,,PG,機,機關用地
2432,43,18,,PTG2,轉運站,轉運站用地
2433,43,18,,PTC,車站,車站用地
2434,43,18,,PTC,車站,車站用地
2435,32,19,,PEA,公,公園用地
2436,46,18,,PUB1,變,變電所用地
2437,32,19,,PEB,綠,綠地用地
2438,32,19,,PEA,公,公園用地
2439,41,10,,PSC,國中,國中用地
2440,42,18,,PTA,交,交通用地
2441,49,13,,PFD1,抽,抽水站用地
2442,49,13,,PFD1,抽,抽水站用地
2443,41,10,,PSB,國小,國小用地
2444,35,13,,PG,機,機關用地
2445,144,13,,PTE4,調,調度站用地
2446,32,19,,PEB,綠,綠地用地
2447,32,19,,PEB,綠,綠地用地
2448,49,13,,PFD1,抽,抽水站用地
2449,32,19,,PEB,綠,綠地用地
2450,35,13,,PG,機,機關用地
2451,42,18,,PTA,交,交通用地
2452,45,13,,PUF,郵,郵政用地
2453,38,13,,PHC,醫療,醫療用地
2454,41,10,,PSB,國小,國小用地
2455,42,18,,PTA,交,交通用地
2456,42,18,,PTA,交,交通用地
2457,32,19,,PEA,公,公園用地
2458,35,13,,PG,機,機關用地
2459,35,13,,PG,機,機關用地
2460,32,19,,PEA,公,公園用地
2461,32,19,,PEB,綠,綠地用地
2462,40,18,,PPA,垃圾處理場,垃圾處理場用地
2463,42,11,,PTA3,高速公路,高速公路用地
2464,42,11,,PTA3,高速公路,高速公路用地
2465,42,18,,PTA5,護坡,護坡用地
2466,42,18,,PTA5,護坡,護坡用地
2467,42,18,,PTA5,護坡,護坡用地
2468,42,18,,PTA5,護坡,護坡用地
2469,42,18,,PTA5,護坡,護坡用地
2470,42,18,,PTA5,護坡,護坡用地
2471,42,18,,PTA5,護坡,護坡用地
2472,42,18,,PTA5,護坡,護坡用地
2473,42,18,,PTA5,護坡,護坡用地
2474,49,13,,PFD1,抽,抽水站用地
2475,33,19,,PEC2,體育場,體育場用地
2476,32,19,,PEB,綠,綠地用地
2477,49,7,,PFB4,溝渠,溝渠用地
2478,35,13,,PG,機,機關用地
2479,35,13,,PG,機,機關用地
2480,49,7,,PFA,河道,河道用地
2481,49,13,,PFD1,抽,抽水站用地
2482,35,13,,PG,機,機關用地
2483,42,18,,PTA5,護坡,護坡用地
2484,42,18,,PTA5,護坡,護坡用地
2485,42,18,,PTA5,護坡,護坡用地
2486,42,18,,PTA5,護坡,護坡用地
2487,42,18,,PTA5,護坡,護坡用地
2488,32,19,,PEA,公,公園用地
2489,42,18,,PTA5,護坡,護坡用地
2490,42,18,,PTA5,護坡,護坡用地
2491,42,18,,PTA,交,交通用地
2492,42,18,,PTA5,護坡,護坡用地
2493,42,18,,PTA5,護坡,護坡用地
2494,42,18,,PTA5,護坡,護坡用地
2495,49,7,,PFA,河道,河道用地
2496,49,7,,PFA,河道,河道用地
2497,49,7,,PFA,河道,河道用地
2498,32,19,,PEB,綠,綠地用地
2499,32,19,,PEA,公,公園用地
2500,32,19,,PEA,公,公園用地
2501,42,18,,PTA,交,交通用地
2502,42,18,,PTA,交,交通用地
2503,35,13,,PG,機,機關用地
2504,42,11,,PTA3,高速公路,高速公路用地
2505,49,7,,PFA,河道,河道用地
2506,44,13,,PUE,水,自來水事業用地
2507,42,18,,PTA5,護坡,護坡用地
2508,42,18,,PTA,交,交通用地
2509,43,16,,PTD,停,停車場用地
2510,32,19,,PEB,綠,綠地用地
2511,41,10,,PSB,國小,國小用地
2512,41,10,,PSB,國小,國小用地
2513,43,18,,PTB,鐵,鐵路用地
2514,42,18,,PTA,交,交通用地
2515,32,19,,PEB,綠,綠地用地
2516,49,7,,PFA,河道,河道用地
2517,42,11,,PTA3,高速公路,高速公路用地
2518,35,13,,PG,機,機關用地
2519,41,10,,PSB,國小,國小用地
2520,41,10,,PSB,國小,國小用地
2521,35,13,,PG,機,機關用地
2522,48,5,,PFE,堤,堤防用地
2523,48,5,,PFE,堤,堤防用地
2524,48,5,,PFE,堤,堤防用地
2525,49,7,,PFA,河道,河道用地
2526,48,5,,PFE,堤,堤防用地
2527,34,17,,PED,廣場,廣場用地
2528,34,17,,PED,廣場,廣場用地
2529,42,18,,PTA,交,交通用地
2530,41,10,,PSB,國小,國小用地
2531,41,10,,PSC,國中,國中用地
2532,41,10,,PSB,國小,國小用地
2533,32,19,,PEA,公,公園用地
2534,41,10,,PSB,國小,國小用地
2535,35,13,,PG,機,機關用地
2536,43,16,,PTD,停,停車場用地
2537,41,10,,PSB,國小,國小用地
2538,41,10,,PSB,國小,國小用地
2539,35,13,,PG,機,機關用地
2540,32,19,,PEA,公,公園用地
2541,39,16,,PM,市,市場用地
2542,41,10,,PSB,國小,國小用地
2543,32,19,,PEA,公,公園用地
2544,35,13,,PG,機,機關用地
2545,35,13,,PG,機,機關用地
2546,32,19,,PEA,公,公園用地
2547,38,13,,PHB,醫院,醫院用地
2548,32,19,,PEA,公,公園用地
2549,41,10,,PSC,國中,國中用地
2550,35,13,,PG,機,機關用地
2551,41,10,,PSC,國中,國中用地
2552,35,13,,PG,機,機關用地
2553,41,10,,PSB,國小,國小用地
2554,41,10,,PSD,高中,高中用地
2555,32,19,,PEA,公,公園用地
2556,35,13,,PG,機,機關用地
2557,42,18,,PTA,交,交通用地
2558,42,18,,PTA,交,交通用地
2559,42,18,,PTA,交,交通用地
2560,42,18,,PTA,交,交通用地
2561,42,18,,PTA,交,交通用地
2562,42,18,,PTA,交,交通用地
2563,42,18,,PTA,交,交通用地
2564,43,16,,PTD,停,停車場用地
2565,32,19,,PEB,綠,綠地用地
2566,41,10,,PSB,國小,國小用地
2567,41,10,,PSC,國中,國中用地
2568,41,10,,PSD,高中,高中用地
2569,41,10,,PSC,國中,國中用地
2570,40,18,,PPC,污,污水處理場用地
2571,35,13,,PG,機,機關用地
2572,32,19,,PEA,公,公園用地
2573,45,17,,PUG,油,加油站用地
2574,42,18,,PTA,交,交通用地
2575,42,11,,PTA3,高速公路,高速公路用地
2576,41,10,,PSB,國小,國小用地
2577,32,19,,PEA,公,公園用地
2578,41,10,,PSC,國中,國中用地
2579,46,18,,PUB1,變,變電所用地
2580,39,16,,PMA,批,批發市場用地
2581,41,10,,PSB,國小,國小用地
2582,35,13,,PG,機,機關用地
2583,35,13,,PG,機,機關用地
2584,35,13,,PG,機,機關用地
2585,35,13,,PG,機,機關用地
2586,35,13,,PG,機,機關用地
2587,41,10,,PSC,國中,國中用地
2588,41,10,,PSD,高中,高中用地
2589,41,10,,PSC,國中,國中用地
2590,41,10,,PSB,國小,國小用地
2591,41,10,,PSB,國小,國小用地
2592,46,13,,PUC,電信,電信用地
2593,41,10,,PSB,國小,國小用地
2594,43,18,,PTB,鐵,鐵路用地
2595,43,18,,PTB,鐵,鐵路用地
2596,43,18,,PTB,鐵,鐵路用地
2597,41,10,,PSC,國中,國中用地
2598,41,10,,PSB,國小,國小用地
2599,35,13,,PG,機,機關用地
2600,42,18,,PTA,交,交通用地
2601,42,18,,PTA,交,交通用地
2602,42,18,,PTA,交,交通用地
2603,42,18,,PTA,交,交通用地
2604,34,17,,PED,廣場,廣場用地
2605,34,17,,PED,廣場,廣場用地
2606,43,18,,PTB,鐵,鐵路用地
2607,43,18,,PTB,鐵,鐵路用地
2608,41,10,,PSC,國中,國中用地
2609,41,10,,PSB,國小,國小用地
2610,39,16,,PMA,批,批發市場用地
2611,42,18,,PTA,交,交通用地
2612,40,18,,PPC,污,污水處理場用地
2613,46,18,,PUB1,變,變電所用地
2614,35,13,,PG,機,機關用地
2615,41,10,,PSB,國小,國小用地
2616,39,16,,PM,市,市場用地
2617,32,19,,PEA,公,公園用地
2618,41,10,,PSB,國小,國小用地
2619,42,18,,PTA,交,交通用地
2620,32,19,,PEB,綠,綠地用地
2621,32,19,,PEA,公,公園用地
2622,42,18,,PTA,交,交通用地
2623,41,10,,PSB,國小,國小用地
2624,41,10,,PSF,大專,大專用地
2625,35,13,,PG,機,機關用地
2626,32,19,,PEA,公,公園用地
2627,32,19,,PEA,公,公園用地
2628,41,10,,PSB,國小,國小用地
2629,39,16,,PM,市,市場用地
2630,44,13,,PFD2,污抽,污水抽水站用地
2631,35,13,,PG,機,機關用地
2632,45,13,,PUF,郵,郵政用地
2633,34,17,,PED,廣場,廣場用地
2634,34,17,,PED,廣場,廣場用地
2635,32,19,,PEA,公,公園用地
2636,35,13,,PG,機,機關用地
2637,35,13,,PG,機,機關用地
2638,41,10,,PSB,國小,國小用地
2639,41,10,,PSC,國中,國中用地
2640,41,10,,PSF,大專,大專用地
2641,41,10,,PSF,大專,大專用地
2642,41,10,,PSF,大專,大專用地
2643,41,10,,PSF,大專,大專用地
2644,41,10,,PSD,高中,高中用地
2645,53,15,,PE,中正紀念堂,中正紀念堂用地
2646,35,13,,PG,機,機關用地
2647,34,17,,PED,廣場,廣場用地
2648,34,17,,PED1,交廣,交通廣場用地
2649,45,13,,PUF2,學校郵政,學校及郵政用地
2650,32,19,,PEA,公,公園用地
2651,42,18,,PTA,交,交通用地
2652,41,10,,PSB,國小,國小用地
2653,42,18,,PTA,交,交通用地
2654,32,19,,PEB,綠,綠地用地
2655,34,17,,PED1,交廣,交通廣場用地
2656,32,19,,PEA,公,公園用地
2657,42,18,,PTA,交,交通用地
2658,42,18,,PTA,交,交通用地
2659,41,10,,PSD,高中,高中用地
2660,41,10,,PSF,大專,大專用地
2661,32,19,,PEB,綠,綠地用地
2662,32,19,,PEB,綠,綠地用地
2663,32,19,,PEB,綠,綠地用地
2664,32,19,,PEB,綠,綠地用地
2665,32,19,,PEB,綠,綠地用地
2666,32,19,,PEB,綠,綠地用地
2667,32,19,,PEB,綠,綠地用地
2668,32,19,,PEB,綠,綠地用地
2669,32,19,,PEB,綠,綠地用地
2670,32,19,,PEB,綠,綠地用地
2671,32,19,,PEB,綠,綠地用地
2672,32,19,,PEB,綠,綠地用地
2673,38,13,,PHB,醫院,醫院用地
2674,41,10,,PSC,國中,國中用地
2675,35,13,,PG,機,機關用地
2676,41,10,,PSC,國中,國中用地
2677,41,10,,PSB,國小,國小用地
2678,41,10,,PSD,高中,高中用地
2679,41,10,,PSB,國小,國小用地
2680,41,10,,PSC,國中,國中用地
2681,41,10,,PSB,國小,國小用地
2682,41,10,,PSB,國小,國小用地
2683,44,13,,PUE1,自來水廠,自來水廠用地
2684,35,13,,PG,機,機關用地
2685,48,5,,PFE,堤,堤防用地
2686,48,5,,PFE,堤,堤防用地
2687,42,18,,PTA,交,交通用地
2688,42,18,,PTA,交,交通用地
2689,42,18,,PTA,交,交通用地
2690,42,18,,PTA,交,交通用地
2691,32,19,,PEA,公,公園用地
2692,45,13,,PUF1,郵電,郵政電信用地
2693,42,18,,PTA,交,交通用地
2694,46,13,,PUC,電信,電信用地
2695,42,18,,PTA,交,交通用地
2696,42,18,,PTA,交,交通用地
2697,38,13,,PHI,醫療衛生,醫療及衛生用地
2698,35,13,,PG,機,機關用地
2699,42,18,,PTA,交,交通用地
2700,35,13,,PG,機,機關用地
2701,42,18,,PTA,交,交通用地
2702,42,18,,PTA,交,交通用地
2703,42,18,,PTA,交,交通用地
2704,35,13,,PG,機,機關用地
2705,46,13,,PUC,電信,電信用地
2706,32,19,,PEA,公,公園用地
2707,42,18,,PTA,交,交通用地
2708,32,19,,PEA,公,公園用地
2709,32,19,,PEA,公,公園用地
2710,32,19,,PEA,公,公園用地
2711,32,19,,PEA,公,公園用地
2712,32,19,,PEA,公,公園用地
2713,42,18,,PTA,交,交通用地
2714,34,17,,PED1,交廣,交通廣場用地
2715,42,18,,PTA,交,交通用地
2716,41,10,,PSB,國小,國小用地
2717,48,5,,PFE,堤,堤防用地
2718,42,18,,PTA,交,交通用地
2719,32,19,,PEB,綠,綠地用地
2720,41,10,,PS,文,學校用地
2721,32,19,,PEB,綠,綠地用地
2722,32,19,,PEB,綠,綠地用地
2723,32,19,,PEA,公,公園用地
2724,32,19,,PEB,綠,綠地用地
2725,40,18,,PPA,垃圾處理場,垃圾處理場用地
2726,41,10,,PSD,高中,高中用地
2727,35,13,,PG,機,機關用地
2728,32,19,,PEB,綠,綠地用地
2729,41,10,,PSB,國小,國小用地
2730,32,19,,PEB,綠,綠地用地
2731,32,19,,PEA,公,公園用地
2732,41,10,,PSB,國小,國小用地
2733,41,10,,PSB,國小,國小用地
2734,41,10,,PSF7,藝術大學,國立臺北藝術大學用地
2735,41,10,,PSC,國中,國中用地
2736,32,19,,PEA,公,公園用地
2737,41,10,,PSB,國小,國小用地
2738,49,7,,PFA,河道,河道用地
2739,49,7,,PFA,河道,河道用地
2740,41,10,,PSC,國中,國中用地
2741,41,10,,PSB,國小,國小用地
2742,41,10,,PSC,國中,國中用地
2743,42,18,,PTA,交,交通用地
2744,41,10,,PSB,國小,國小用地
2745,38,13,,PHC,醫療,醫療用地
2746,38,13,,PHC,醫療,醫療用地
2747,35,13,,PG,機,機關用地
2748,38,13,,PHC,醫療,醫療用地
2749,46,18,,PUB1,變,變電所用地
2750,50,34,,PDB,墓,公墓用地
2751,41,10,,PSF9,國立陽明大學,國立陽明大學用地
2752,49,13,,PFD1,抽,抽水站用地
2753,41,10,,PSB,國小,國小用地
2754,41,10,,PSB,國小,國小用地
2755,41,10,,PSC,國中,國中用地
2756,41,10,,PSC,國中,國中用地
2757,41,10,,PSB,國小,國小用地
2758,41,10,,PSC,國中,國中用地
2759,32,19,,PEA,公,公園用地
2760,42,18,,PTA,交,交通用地
2761,112,18,,PUB,電力,電力設施用地
2762,42,18,,PTA,交,交通用地
2763,42,18,,PTA,交,交通用地
2764,42,18,,PTA,交,交通用地
2765,41,10,,PSD,高中,高中用地
2766,41,10,,PSB,國小,國小用地
2767,34,17,,PED,廣場,廣場用地
2768,42,18,,PTA,交,交通用地
2769,42,18,,PTA,交,交通用地
2770,38,13,,PHC,醫療,醫療用地
2771,32,19,,PEB,綠,綠地用地
2772,35,13,,PG,機,機關用地
2773,42,18,,PTA,交,交通用地
2774,32,19,,PEA,公,公園用地
2775,32,19,,PEA,公,公園用地
2776,32,19,,PEA,公,公園用地
2777,39,16,,PM,市,市場用地
2778,32,19,,PEA,公,公園用地
2779,49,7,,PFA,河道,河道用地
2780,44,13,,PUE2,自,自來水用地
2781,41,10,,PSB,國小,國小用地
2782,112,18,,PUB,電力,電力設施用地
2783,42,18,,PTA,交,交通用地
2784,32,19,,PEA,公,公園用地
2785,32,19,,PEA,公,公園用地
2786,48,5,,PFE,堤,堤防用地
2787,48,5,,PFE,堤,堤防用地
2788,32,19,,PEA,公,公園用地
2789,41,10,,PSB,國小,國小用地
2790,41,10,,PSF,大專,大專用地
2791,32,19,,PEA,公,公園用地
2792,42,18,,PTA,交,交通用地
2793,32,19,,PEA,公,公園用地
2794,42,18,,PTA,交,交通用地
2795,32,19,,PEB,綠,綠地用地
2796,32,19,,PEB,綠,綠地用地
2797,32,19,,PEB,綠,綠地用地
2798,48,5,,PFE,堤,堤防用地
2799,32,19,,PEA,公,公園用地
2800,48,5,,PFE,堤,堤防用地
2801,32,19,,PEA,公,公園用地
2802,41,10,,PSF7,藝術大學,國立臺北藝術大學用地
2803,49,7,,PFB,排水溝,排水溝用地
2804,49,7,,PFB,排水溝,排水溝用地
2805,49,7,,PFB,排水溝,排水溝用地
2806,49,13,,PFD1,抽,抽水站用地
2807,41,10,,PSF5,師範大學,師範大學用地
2808,49,13,,PFD1,抽,抽水站用地
2809,41,10,,PSB,國小,國小用地
2810,32,19,,PEA,公,公園用地
2811,32,19,,PEA,公,公園用地
2812,42,18,,PTA,交,交通用地
2813,42,18,,PTA,交,交通用地
2814,41,10,,PSB,國小,國小用地
2815,41,10,,PSB,國小,國小用地
2816,32,19,,PEA,公,公園用地
2817,42,18,,PTA,交,交通用地
2818,41,10,,PSB,國小,國小用地
2819,41,10,,PSC,國中,國中用地
2820,46,13,,PUC,電信,電信用地
2821,41,10,,PSC,國中,國中用地
2822,32,19,,PEA,公,公園用地
2823,35,13,,PG,機,機關用地
2824,41,10,,PSB,國小,國小用地
2825,42,18,,PTA,交,交通用地
2826,42,18,,PTA,交,交通用地
2827,42,18,,PTA,交,交通用地
2828,46,18,,PUB1,變,變電所用地
2829,41,10,,PSC,國中,國中用地
2830,41,10,,PSB,國小,國小用地
2831,41,10,,PSB,國小,國小用地
2832,32,19,,PEA,公,公園用地
2833,42,18,,PTA6,道路護坡,道路護坡用地
2834,42,18,,PTA,交,交通用地
2835,32,19,,PEA,公,公園用地
2836,42,18,,PTA,交,交通用地
2837,32,19,,PEB,綠,綠地用地
2838,42,18,,PTA4,隧道,隧道用地
2839,33,19,,PEC2,體育場,體育場用地
2840,35,13,,PG,機,機關用地
2841,35,13,,PG,機,機關用地
2842,49,13,,PFD1,抽,抽水站用地
2843,49,7,,PFB,排水溝,排水溝用地
2844,35,13,,PG,機,機關用地
2845,49,7,,PFB,排水溝,排水溝用地
2846,44,13,,PUE,水,自來水事業用地
2847,32,19,,PEB,綠,綠地用地
2848,32,19,,PEB,綠,綠地用地
2849,41,10,,PSB,國小,國小用地
2850,35,13,,PG,機,機關用地
2851,49,13,,PFD1,抽,抽水站用地
2852,32,19,,PEA,公,公園用地
2853,32,19,,PEA,公,公園用地
2854,32,19,,PEA,公,公園用地
2855,41,10,,PSD,高中,高中用地
2856,41,10,,PSB,國小,國小用地
2857,49,13,,PFD1,抽,抽水站用地
2858,49,13,,PFD1,抽,抽水站用地
2859,41,10,,PSB,國小,國小用地
2860,41,10,,PSF,大專,大專用地
2861,41,10,,PSB,國小,國小用地
2862,35,13,,PG,機,機關用地
2863,41,10,,PSC,國中,國中用地
2864,41,10,,PSB,國小,國小用地
2865,46,18,,PUB1,變,變電所用地
2866,37,13,,PGC,軍事機關,軍事機關用地
2867,42,18,,PTA,交,交通用地
2868,42,18,,PTA,交,交通用地
2869,42,18,,PTA,交,交通用地
2870,42,18,,PTA,交,交通用地
2871,42,18,,PTA,交,交通用地
2872,42,18,,PTA,交,交通用地
2873,42,18,,PTA,交,交通用地
2874,49,7,,PFB,排水溝,排水溝用地
2875,49,7,,PFB,排水溝,排水溝用地
2876,32,19,,PEA,公,公園用地
2877,32,19,,PEA,公,公園用地
2878,32,19,,PEB,綠,綠地用地
2879,38,13,,PHC,醫療,醫療用地
2880,41,10,,PSC,國中,國中用地
2881,41,10,,PSB,國小,國小用地
2882,46,13,,PUC,電信,電信用地
2883,32,19,,PEA,公,公園用地
2884,32,19,,PEA,公,公園用地
2885,41,10,,PSB,國小,國小用地
2886,41,10,,PSB,國小,國小用地
2887,32,19,,PEB,綠,綠地用地
2888,41,10,,PSF4,政治大學,政治大學用地
2889,44,13,,PUE2,自,自來水用地
2890,41,10,,PSC,國中,國中用地
2891,41,10,,PSF4,政治大學,政治大學用地
2892,32,19,,PEB,綠,綠地用地
2893,42,11,,PTA3,高速公路,高速公路用地
2894,33,19,,PEC3,動物園,動物園用地
2895,49,13,,PFD1,抽,抽水站用地
2896,41,10,,PSB,國小,國小用地
2897,32,19,,PEB,綠,綠地用地
2898,41,10,,PSB,國小,國小用地
2899,44,13,,PUE,水,自來水事業用地
2900,46,13,,PUC,電信,電信用地
2901,41,10,,PSD,高中,高中用地
2902,41,10,,PSF4,政治大學,政治大學用地
2903,42,18,,PTA2,人行步道,人行步道(無遮簷)
2904,42,18,,PTA2,人行步道,人行步道(無遮簷)
2905,42,11,,PTA3,高速公路,高速公路用地
2906,32,19,,PEB,綠,綠地用地
2907,42,11,,PTA3,高速公路,高速公路用地
2908,48,5,,PFE,堤,堤防用地
2909,48,5,,PFE,堤,堤防用地
2910,42,18,,PTA,交,交通用地
2911,49,13,,PFD1,抽,抽水站用地
2912,276,10,,PSE,高職,高職用地
2913,32,19,,PEA,公,公園用地
2914,41,10,,PSB,國小,國小用地
2915,42,18,,PTA,交,交通用地
2916,40,18,,PPB,垃圾掩埋場,垃圾掩理場用地
2917,40,18,,PPA,垃圾處理場,垃圾處理場用地
2918,40,18,,PPB,垃圾掩埋場,垃圾掩理場用地
2919,42,18,,PTA4,隧道,隧道用地
2920,42,18,,PTA5,護坡,護坡用地
2921,42,18,,PTA5,護坡,護坡用地
2922,42,18,,PTA,交,交通用地
2923,41,10,,PSB,國小,國小用地
2924,32,19,,PEB,綠,綠地用地
2925,32,19,,PEB,綠,綠地用地
2926,42,18,,PTA4,隧道,隧道用地
2927,49,13,,PFC2,調節池,防洪調節池用地
2928,49,7,,PFB,排水溝,排水溝用地
2929,41,10,,PSC,國中,國中用地
2930,41,10,,PSD,高中,高中用地
2931,35,13,,PG,機,機關用地
2932,44,13,,PUE,水,自來水事業用地
2933,35,13,,PG,機,機關用地
2934,44,13,,PUE2,自,自來水用地
2935,42,11,,PTA3,高速公路,高速公路用地
2936,43,16,,PTD,停,停車場用地
2937,44,13,,PUE3,自來水工程,自來水工程用地
2938,42,18,,PTA,交,交通用地
2939,32,19,,PEA,公,公園用地
2940,32,19,,PEB,綠,綠地用地
2941,32,19,,PEB,綠,綠地用地
2942,32,19,,PEB,綠,綠地用地
2943,32,19,,PEA,公,公園用地
2944,42,11,,PTA3,高速公路,高速公路用地
2945,44,13,,PFD2,污抽,污水抽水站用地
2946,40,18,,PPA,垃圾處理場,垃圾處理場用地
2947,40,18,,PPB,垃圾掩埋場,垃圾掩理場用地
2948,35,13,,PG,機,機關用地
2949,42,18,,PTA,交,交通用地
2950,32,19,,PEA,公,公園用地
2951,32,19,,PEB,綠,綠地用地
2952,45,13,,PUF,郵,郵政用地
2953,41,10,,PSB,國小,國小用地
2954,32,19,,PEB,綠,綠地用地
2955,32,19,,PEA,公,公園用地
2956,32,19,,PEA,公,公園用地
2957,46,18,,PUB1,變,變電所用地
2958,41,10,,PSC,國中,國中用地
2959,43,18,,PTB,鐵,鐵路用地
2960,43,18,,PTB,鐵,鐵路用地
2961,43,18,,PTB,鐵,鐵路用地
2962,41,10,,PSB,國小,國小用地
2963,41,10,,PSD,高中,高中用地
2964,41,10,,PSB,國小,國小用地
2965,41,10,,PSC,國中,國中用地
2966,41,10,,PSB,國小,國小用地
2967,32,19,,PEA,公,公園用地
2968,32,19,,PEA,公,公園用地
2969,32,19,,PEA,公,公園用地
2970,32,19,,PEA,公,公園用地
2971,41,10,,PSC,國中,國中用地
2972,41,10,,PSB,國小,國小用地
2973,41,10,,PSF,大專,大專用地
2974,32,19,,PEA,公,公園用地
2975,32,19,,PEA,公,公園用地
2976,32,19,,PEA,公,公園用地
2977,41,10,,PSF,大專,大專用地
2978,41,10,,PSF,大專,大專用地
2979,32,19,,PEA,公,公園用地
2980,32,19,,PEA,公,公園用地
2981,41,10,,PSD,高中,高中用地
2982,32,19,,PEA,公,公園用地
2983,32,19,,PEA,公,公園用地
2984,35,13,,PG,機,機關用地
2985,32,19,,PEA,公,公園用地
2986,32,19,,PEA,公,公園用地
2987,41,10,,PSB,國小,國小用地
2988,41,10,,PSB,國小,國小用地
2989,41,10,,PSC,國中,國中用地
2990,39,16,,PM,市,市場用地
2991,32,19,,PEA,公,公園用地
2992,32,19,,PEA,公,公園用地
2993,32,19,,PEA,公,公園用地
2994,32,19,,PEA,公,公園用地
2995,32,19,,PEA,公,公園用地
2996,49,13,,PFD1,抽,抽水站用地
2997,32,19,,PEA,公,公園用地
2998,32,19,,PEA,公,公園用地
2999,32,19,,PEA,公,公園用地
3000,32,19,,PEA,公,公園用地
3001,32,19,,PEA,公,公園用地
3002,32,19,,PEA,公,公園用地
3003,39,16,,PM,市,市場用地
3004,32,19,,PEA,公,公園用地
3005,39,16,,PM,市,市場用地
3006,42,18,,PTA,交,交通用地
3007,50,4,,PDA,殯,殯儀館用地
3008,39,16,,PMA,批,批發市場用地
3009,39,16,,PMA,批,批發市場用地
3010,32,19,,PEA,公,公園用地
3011,32,19,,PEA,公,公園用地
3012,32,19,,PEA,公,公園用地
3013,43,18,,PTG2,轉運站,轉運站用地
3014,41,10,,PSC,國中,國中用地
3015,49,13,,PFD1,抽,抽水站用地
3016,41,10,,PSB,國小,國小用地
3017,49,13,,PFD1,抽,抽水站用地
3018,32,19,,PEA,公,公園用地
3019,41,10,,PSB,國小,國小用地
3020,32,19,,PEB,綠,綠地用地
3021,32,19,,PEB,綠,綠地用地
3022,32,19,,PEB,綠,綠地用地
3023,32,19,,PEB,綠,綠地用地
3024,42,18,,PTA8,擋土牆護坡,擋土牆護坡用地
3025,42,18,,PTA8,擋土牆護坡,擋土牆護坡用地
3026,41,10,,PSB,國小,國小用地
3027,35,13,,PG,機,機關用地
3028,35,13,,PG,機,機關用地
3029,35,13,,PG,機,機關用地
3030,32,19,,PEA,公,公園用地
3031,40,18,,PPC,污,污水處理場用地
3032,49,7,,PFB,排水溝,排水溝用地
3033,43,18,,PTC,車站,車站用地
3034,43,18,,PTE,機場,機場用地
3035,43,18,,PTE,機場,機場用地
3036,40,18,,PPC,污,污水處理場用地
3037,36,13,,PGB4,消防,消防用地
3038,49,13,,PFD1,抽,抽水站用地
3039,43,18,,PTE,機場,機場用地
3040,32,19,,PEA,公,公園用地
3041,32,19,,PEA,公,公園用地
3042,32,19,,PEA,公,公園用地
3043,49,7,,PW,河川,河川用地
3044,46,18,,PUB1,變,變電所用地
3045,43,18,,PTE,機場,機場用地
3046,41,10,,PSB,國小,國小用地
3047,49,13,,PFD1,抽,抽水站用地
3048,49,13,,PFD1,抽,抽水站用地
3049,32,19,,PEA,公,公園用地
3050,37,13,,PGC,軍事機關,軍事機關用地
3051,42,11,,PTA3,高速公路,高速公路用地
3052,42,11,,PTA3,高速公路,高速公路用地
3053,42,11,,PTA3,高速公路,高速公路用地
3054,32,19,,PEA,公,公園用地
3055,32,19,,PEA,公,公園用地
3056,32,19,,PEA,公,公園用地
3057,32,19,,PEA,公,公園用地
3058,42,18,,PTA,交,交通用地
3059,42,18,,PTA,交,交通用地
3060,42,18,,PTA,交,交通用地
3061,42,18,,PTA,交,交通用地
3062,42,18,,PTA,交,交通用地
3063,35,13,,PG,機,機關用地
3064,49,7,,PFB,排水溝,排水溝用地
3065,42,18,,PTA,交,交通用地
3066,42,18,,PTA,交,交通用地
3067,49,13,,PFD1,抽,抽水站用地
3068,43,16,,PTD,停,停車場用地
3069,41,10,,PSB,國小,國小用地
3070,32,19,,PEA,公,公園用地
3071,49,13,,PFD1,抽,抽水站用地
3072,32,19,,PEA,公,公園用地
3073,49,13,,PFD1,抽,抽水站用地
3074,32,19,,PEA,公,公園用地
3075,35,13,,PG,機,機關用地
3076,45,13,,PUF,郵,郵政用地
3077,35,13,,PG,機,機關用地
3078,33,19,,PEC2,體育場,體育場用地
3079,36,13,,PGB4,消防,消防用地
3080,43,18,,PTB,鐵,鐵路用地
3081,35,13,,PG,機,機關用地
3082,41,10,,PSC,國中,國中用地
3083,41,10,,PSB,國小,國小用地
3084,46,13,,PUC,電信,電信用地
3085,49,7,,PFB,排水溝,排水溝用地
3086,42,18,,PTA,交,交通用地
3087,42,18,,PTA,交,交通用地
3088,39,16,,PM,市,市場用地
3089,34,17,,PED,廣場,廣場用地
3090,35,13,,PG,機,機關用地
3091,41,10,,PSB,國小,國小用地
3092,42,11,,PTA3,高速公路,高速公路用地
3093,32,19,,PEA,公,公園用地
3094,43,18,,PTE,機場,機場用地
3095,32,19,,PEAB,公園廣場,公園廣場用地
3096,43,18,,PTB,鐵,鐵路用地
3097,49,7,,PFB,排水溝,排水溝用地
3098,49,7,,PFB,排水溝,排水溝用地
3099,42,18,,PTA5,護坡,護坡用地
3100,42,18,,PTA5,護坡,護坡用地
3101,42,18,,PTA4,隧道,隧道用地
3102,42,18,,PTA,交,交通用地
3103,41,10,,PSC,國中,國中用地
3104,49,7,,PFB,排水溝,排水溝用地
3105,49,7,,PFB,排水溝,排水溝用地
3106,41,10,,PSB,國小,國小用地
3107,41,10,,PSC,國中,國中用地
3108,41,10,,PSB,國小,國小用地
3109,26,10,,CED,德明商專,私立德明商專學校用地
3110,26,10,,CDH,西湖工商,私立西湖工商學校用地
3111,26,10,,CED,德明商專,私立德明商專學校用地
3112,41,10,,PSB,國小,國小用地
3113,32,19,,PEB,綠,綠地用地
3114,32,19,,PEB,綠,綠地用地
3115,32,19,,PEB,綠,綠地用地
3116,32,19,,PEB,綠,綠地用地
3117,32,19,,PEB,綠,綠地用地
3118,32,19,,PEB,綠,綠地用地
3119,32,19,,PEB,綠,綠地用地
3120,32,19,,PEB,綠,綠地用地
3121,32,19,,PEB,綠,綠地用地
3122,32,19,,PEB,綠,綠地用地
3123,32,19,,PEB,綠,綠地用地
3124,32,19,,PEB,綠,綠地用地
3125,32,19,,PEA,公,公園用地
3126,32,19,,PEB,綠,綠地用地
3127,32,19,,PEB,綠,綠地用地
3128,32,19,,PEA,公,公園用地
3129,42,11,,PTA3,高速公路,高速公路用地
3130,42,11,,PTA3,高速公路,高速公路用地
3131,42,11,,PTA3,高速公路,高速公路用地
3132,42,11,,PTA3,高速公路,高速公路用地
3133,42,11,,PTA3,高速公路,高速公路用地
3134,33,19,,PEC2,體育場,體育場用地
3135,32,19,,PEA1,公綠,公園綠地
3136,32,19,,PEA1,公綠,公園綠地
3137,32,19,,PEA1,公綠,公園綠地
3138,32,19,,PEA1,公綠,公園綠地
3139,32,19,,PEA1,公綠,公園綠地
3140,32,19,,PEB,綠,綠地用地
3141,32,19,,PEA1,公綠,公園綠地
3142,43,16,,PTD,停,停車場用地
3143,42,11,,PTA3,高速公路,高速公路用地
3144,42,11,,PTA3,高速公路,高速公路用地
3145,42,11,,PTA3,高速公路,高速公路用地
3146,41,10,,PSC,國中,國中用地
3147,41,10,,PSB,國小,國小用地
3148,41,10,,PSD,高中,高中用地
3149,41,10,,PSB,國小,國小用地
3150,112,18,,PUB,電力,電力設施用地
3151,42,18,,PTA,交,交通用地
3152,42,18,,PTA,交,交通用地
3153,42,18,,PTA,交,交通用地
3154,42,18,,PTA,交,交通用地
3155,41,10,,PS,文,學校用地
3156,35,13,,PG,機,機關用地
3157,46,13,,PUC,電信,電信用地
3158,41,10,,PSD2,復興劇校,復興劇校學校用地
3159,32,19,,PEA,公,公園用地
3160,32,19,,PEA,公,公園用地
3161,41,10,,PSB,國小,國小用地
3162,42,18,,PTA4,隧道,隧道用地
3163,42,18,,PTA4,隧道,隧道用地
3164,42,18,,PTA4,隧道,隧道用地
3165,42,18,,PTA6,道路護坡,道路護坡用地
3166,42,18,,PTA6,道路護坡,道路護坡用地
3167,42,18,,PTA6,道路護坡,道路護坡用地
3168,35,13,,PG,機,機關用地
3169,42,18,,PTA6,道路護坡,道路護坡用地
3170,32,19,,PEA,公,公園用地
3171,32,19,,PEA,公,公園用地
3172,41,10,,PSB,國小,國小用地
3173,42,18,,PTA,交,交通用地
3174,42,18,,PTA,交,交通用地
3175,32,19,,PEA,公,公園用地
3176,32,19,,PEA,公,公園用地
3177,40,18,,PPC,污,污水處理場用地
3178,32,19,,PEA,公,公園用地
3179,32,19,,PEA,公,公園用地
3180,41,10,,PSC,國中,國中用地
3181,35,13,,PG,機,機關用地
3182,32,19,,PEA,公,公園用地
3183,41,10,,PSB,國小,國小用地
3184,35,13,,PG,機,機關用地
3185,42,18,,PTA,交,交通用地
3186,45,13,,PUF,郵,郵政用地
3187,32,19,,PEA,公,公園用地
3188,44,13,,PUE,水,自來水事業用地
3189,41,10,,PSC,國中,國中用地
3190,41,10,,PSD,高中,高中用地
3191,26,10,,CDI,文德女中,私立文德女中學校用地
3192,42,18,,PTA,交,交通用地
3193,32,19,,PEA,公,公園用地
3194,32,19,,PEA,公,公園用地
3195,32,19,,PEA,公,公園用地
3196,32,19,,PEA,公,公園用地
3197,41,10,,PSC,國中,國中用地
3198,46,18,,PUA,煤氣,煤氣公用事業用地
3199,35,13,,PG,機,機關用地
3200,46,13,,PUC,電信,電信用地
3201,45,13,,PUF,郵,郵政用地
3202,41,10,,PSB,國小,國小用地
3203,46,18,,PUB1,變,變電所用地
3204,35,13,,PG,機,機關用地
3205,35,13,,PG,機,機關用地
3206,42,18,,PTA5,護坡,護坡用地
3207,41,10,,PSB,國小,國小用地
3208,42,18,,PTA5,護坡,護坡用地
3209,32,19,,PEA,公,公園用地
3210,42,18,,PTA4,隧道,隧道用地
3211,42,18,,PTA4,隧道,隧道用地
3212,42,18,,PTA4,隧道,隧道用地
3213,42,18,,PTA6,道路護坡,道路護坡用地
3214,42,18,,PTA,交,交通用地
3215,41,10,,PSB,國小,國小用地
3216,41,10,,PSC,國中,國中用地
3217,41,10,,PSB,國小,國小用地
3218,41,10,,PSD,高中,高中用地
3219,35,13,,PG,機,機關用地
3220,35,13,,PG,機,機關用地
3221,35,13,,PG,機,機關用地
3222,35,13,,PG,機,機關用地
3223,32,19,,PEA,公,公園用地
3224,41,10,,PSB,國小,國小用地
3225,41,10,,PSC,國中,國中用地
3226,32,19,,PEB,綠,綠地用地
3227,35,13,,PG,機,機關用地
3228,32,19,,PEA,公,公園用地
3229,32,19,,PEA,公,公園用地
3230,40,18,,PPA,垃圾處理場,垃圾處理場用地
3231,49,13,,PFD1,抽,抽水站用地
3232,49,13,,PFD1,抽,抽水站用地
3233,35,13,,PG,機,機關用地
3234,46,18,,PUB1,變,變電所用地
3235,45,13,,PUF,郵,郵政用地
3236,39,16,,PMA,批,批發市場用地
3237,39,16,,PMA,批,批發市場用地
3238,49,13,,PFD1,抽,抽水站用地
3239,40,18,,PPC,污,污水處理場用地
3240,42,11,,PTA3,高速公路,高速公路用地
3241,49,13,,PFD1,抽,抽水站用地
3242,40,18,,PPC,污,污水處理場用地
3243,49,13,,PFD1,抽,抽水站用地
3244,35,13,,PG,機,機關用地
3245,32,19,,PEA,公,公園用地
3246,49,13,,PFC2,調節池,防洪調節池用地
3247,49,13,,PFC2,調節池,防洪調節池用地
3248,46,18,,PUA,煤氣,煤氣公用事業用地
3249,49,13,,PFC2,調節池,防洪調節池用地
3250,42,18,,PTA5,護坡,護坡用地
3251,42,18,,PTA5,護坡,護坡用地
3252,112,18,,PUB,電力,電力設施用地
3253,32,19,,PEA,公,公園用地
3254,32,19,,PEA,公,公園用地
3255,32,19,,PEA,公,公園用地
3256,32,19,,PEA,公,公園用地
3257,32,19,,PEA,公,公園用地
3258,32,19,,PEA,公,公園用地
3259,32,19,,PEA,公,公園用地
3260,32,19,,PEA,公,公園用地
3261,32,19,,PEA,公,公園用地
3262,32,19,,PEA,公,公園用地
3263,42,18,,PTA,交,交通用地
3264,42,18,,PTA,交,交通用地
3265,42,18,,PTA,交,交通用地
3266,42,11,,PTA3,高速公路,高速公路用地
3267,42,11,,PTA3,高速公路,高速公路用地
3268,32,19,,PEA,公,公園用地
3269,42,18,,PTA5,護坡,護坡用地
3270,35,13,,PG,機,機關用地
3271,35,13,,PG,機,機關用地
3272,112,18,,PUB,電力,電力設施用地
3273,112,18,,PUB,電力,電力設施用地
3274,112,18,,PUB,電力,電力設施用地
3275,112,18,,PUB,電力,電力設施用地
3276,112,18,,PUB,電力,電力設施用地
3277,112,18,,PUB,電力,電力設施用地
3278,112,18,,PUB,電力,電力設施用地
3279,112,18,,PUB,電力,電力設施用地
3280,112,18,,PUB,電力,電力設施用地
3281,112,18,,PUB,電力,電力設施用地
3282,112,18,,PUB,電力,電力設施用地
3283,112,18,,PUB,電力,電力設施用地
3284,112,18,,PUB,電力,電力設施用地
3285,112,18,,PUB,電力,電力設施用地
3286,112,18,,PUB,電力,電力設施用地
3287,112,18,,PUB,電力,電力設施用地
3288,112,18,,PUB,電力,電力設施用地
3289,112,18,,PUB,電力,電力設施用地
3290,112,18,,PUB,電力,電力設施用地
3291,112,18,,PUB,電力,電力設施用地
3292,112,18,,PUB,電力,電力設施用地
3293,112,18,,PUB,電力,電力設施用地
3294,112,18,,PUB,電力,電力設施用地
3295,112,18,,PUB,電力,電力設施用地
3296,49,13,,PFC2,調節池,防洪調節池用地
3297,112,18,,PUB,電力,電力設施用地
3298,112,18,,PUB,電力,電力設施用地
3299,112,18,,PUB,電力,電力設施用地
3300,35,13,,PG,機,機關用地
3301,32,19,,PEA,公,公園用地
3302,32,19,,PEA,公,公園用地
3303,35,13,,PG,機,機關用地
3304,32,19,,PEA,公,公園用地
3305,32,19,,PEA,公,公園用地
3306,35,13,,PG,機,機關用地
3307,32,19,,PEA1,公綠,公園綠地
3308,42,11,,PTA3,高速公路,高速公路用地
3309,42,11,,PTA3,高速公路,高速公路用地
3310,42,18,,PTA,交,交通用地
3311,145,13,,PTE5,公調,公車調度站用地
3312,145,13,,PTE5,公調,公車調度站用地
3313,112,18,,PUB,電力,電力設施用地
3314,35,13,,PG,機,機關用地
3315,35,13,,PG,機,機關用地
3316,35,13,,PG,機,機關用地
3317,50,34,,PDB,墓,公墓用地
3318,50,34,,PDB,墓,公墓用地
3319,39,16,,PM,市,市場用地
3320,48,5,,PFE,堤,堤防用地
3321,48,5,,PFE,堤,堤防用地
3322,50,34,,PDB1,軍人公墓,軍人公墓用地
3323,42,18,,PTA,交,交通用地
3324,42,18,,PTA,交,交通用地
3325,42,18,,PTA,交,交通用地
3326,35,13,,PG,機,機關用地
3327,42,18,,PTA,交,交通用地
3328,42,18,,PTA,交,交通用地
3329,42,18,,PTA,交,交通用地
3330,42,18,,PTA,交,交通用地
3331,32,19,,PEA,公,公園用地
3332,50,34,,PDB,墓,公墓用地
3333,50,34,,PDB,墓,公墓用地
3334,50,34,,PDB,墓,公墓用地
3335,42,18,,PTA,交,交通用地
3336,42,18,,PTA,交,交通用地
3337,42,18,,PTA,交,交通用地
3338,35,13,,PG,機,機關用地
3339,41,10,,PSD,高中,高中用地
3340,42,18,,PTA,交,交通用地
3341,42,18,,PTA,交,交通用地
3342,41,10,,PSC,國中,國中用地
3343,41,10,,PSB,國小,國小用地
3344,42,18,,PTA,交,交通用地
3345,42,18,,PTA,交,交通用地
3346,41,10,,PSC,國中,國中用地
3347,41,10,,PSB,國小,國小用地
3348,42,18,,PTA,交,交通用地
3349,41,10,,PSF2,師專,師專用地
3350,41,10,,PSB,國小,國小用地
3351,41,10,,PSD,高中,高中用地
3352,41,10,,PSC,國中,國中用地
3353,41,10,,PSB,國小,國小用地
3354,41,10,,PSC,國中,國中用地
3355,32,19,,PEA,公,公園用地
3356,46,13,,PUC,電信,電信用地
3357,45,13,,PUF,郵,郵政用地
3358,41,10,,PSF5,師範大學,師範大學用地
3359,45,13,,PUF,郵,郵政用地
3360,35,13,,PG,機,機關用地
3361,41,10,,PSB,國小,國小用地
3362,41,10,,PSC,國中,國中用地
3363,41,10,,PSB,國小,國小用地
3364,41,10,,PSB,國小,國小用地
3365,42,18,,PTA,交,交通用地
3366,42,18,,PTA,交,交通用地
3367,42,18,,PTA,交,交通用地
3368,42,18,,PTA,交,交通用地
3369,41,10,,PSF1,台北工專,台北工專用地
3370,41,10,,PSF1,台北工專,台北工專用地
3371,42,18,,PTA,交,交通用地
3372,45,13,,PUF,郵,郵政用地
3373,42,18,,PTA,交,交通用地
3374,32,19,,PEA,公,公園用地
3375,41,10,,PSB,國小,國小用地
3376,32,19,,PEA,公,公園用地
3377,41,10,,PSF5,師範大學,師範大學用地
3378,42,18,,PTA,交,交通用地
3379,41,10,,PSB,國小,國小用地
3380,42,18,,PTA,交,交通用地
3381,41,10,,PSF5,師範大學,師範大學用地
3382,41,10,,PSB,國小,國小用地
3383,41,10,,PSF3,台灣大學,台灣大學用地
3384,42,11,,PTA3,高速公路,高速公路用地
3385,42,11,,PTA3,高速公路,高速公路用地
3386,42,11,,PTA3,高速公路,高速公路用地
3387,35,13,,PG,機,機關用地
3388,43,18,,PTB,鐵,鐵路用地
3389,43,18,,PTB,鐵,鐵路用地
3390,42,18,,PTA,交,交通用地
3391,42,18,,PTA,交,交通用地
3392,41,10,,PSB,國小,國小用地
3393,35,13,,PG,機,機關用地
3394,42,18,,PTA,交,交通用地
3395,43,18,,PTB,鐵,鐵路用地
3396,43,18,,PTB,鐵,鐵路用地
3397,43,18,,PTB,鐵,鐵路用地
3398,36,13,,PGB1,警察機關,警察機關用地
3399,41,10,,PSB,國小,國小用地
3400,32,19,,PEA,公,公園用地
3401,32,19,,PEB,綠,綠地用地
3402,32,19,,PEA,公,公園用地
3403,145,13,,PTE5,公調,公車調度站用地
3404,32,19,,PEA,公,公園用地
3405,41,10,,PSD,高中,高中用地
3406,276,10,,PSE,高職,高職用地
3407,45,13,,PUF,郵,郵政用地
3408,34,17,,PED,廣場,廣場用地
3409,32,19,,PEA,公,公園用地
3410,276,10,,PSE,高職,高職用地
3411,276,10,,PSE,高職,高職用地
3412,49,7,,PFB,排水溝,排水溝用地
3413,42,11,,PTA3,高速公路,高速公路用地
3414,42,18,,PTA,交,交通用地
3415,42,18,,PTA,交,交通用地
3416,42,18,,PTA,交,交通用地
3417,42,18,,PTA,交,交通用地
3418,41,10,,PSC,國中,國中用地
3419,42,18,,PTA,交,交通用地
3420,34,17,,PED,廣場,廣場用地
3421,32,19,,PEA,公,公園用地
3422,42,18,,PTA,交,交通用地
3423,42,18,,PTA,交,交通用地
3424,41,10,,PSB,國小,國小用地
3425,42,18,,PTA,交,交通用地
3426,36,13,,PGB4,消防,消防用地
3427,35,13,,PG,機,機關用地
3428,35,13,,PG,機,機關用地
3429,35,13,,PG,機,機關用地
3430,41,10,,PSB,國小,國小用地
3431,46,18,,PUB1,變,變電所用地
3432,35,13,,PG,機,機關用地
3433,145,13,,PTE5,公調,公車調度站用地
3434,46,18,,PUB1,變,變電所用地
3435,43,18,,PTC,車站,車站用地
3436,34,17,,PED,廣場,廣場用地
3437,34,17,,PED,廣場,廣場用地
3438,34,17,,PED,廣場,廣場用地
3439,32,19,,PEA,公,公園用地
3440,32,19,,PEB,綠,綠地用地
3441,42,18,,PTA5,護坡,護坡用地
3442,42,18,,PTA5,護坡,護坡用地
3443,42,18,,PTA4,隧道,隧道用地
3444,42,18,,PTA,交,交通用地
3445,42,18,,PTA5,護坡,護坡用地
3446,42,18,,PTA4,隧道,隧道用地
3447,42,18,,PTA,交,交通用地
3448,42,18,,PTA,交,交通用地
3449,42,18,,PTA,交,交通用地
3450,41,10,,PSB,國小,國小用地
3451,42,18,,PTA,交,交通用地
3452,32,19,,PEA,公,公園用地
3453,32,19,,PEA,公,公園用地
3454,32,19,,PEA,公,公園用地
3455,32,19,,PEB,綠,綠地用地
3456,32,19,,PEB,綠,綠地用地
3457,41,10,,PSC,國中,國中用地
3458,41,10,,PSD,高中,高中用地
3459,42,18,,PTA,交,交通用地
3460,42,18,,PTA,交,交通用地
3461,42,18,,PTA,交,交通用地
3462,42,18,,PTA,交,交通用地
3463,41,10,,PSB,國小,國小用地
3464,38,13,,PHC,醫療,醫療用地
3465,42,18,,PTA2,人行步道,人行步道(無遮簷)
3466,32,19,,PEA,公,公園用地
3467,32,19,,PEA,公,公園用地
3468,35,13,,PG,機,機關用地
3469,49,7,,PFB,排水溝,排水溝用地
3470,49,13,,PFC1,蓄水池,防洪蓄水池用地
3471,49,13,,PFC3,沉砂池,沉砂池用地
3472,49,13,,PFC3,沉砂池,沉砂池用地
3473,35,13,,PG,機,機關用地
3474,41,10,,PSB,國小,國小用地
3475,32,19,,PEA,公,公園用地
3476,32,19,,PEB,綠,綠地用地
3477,35,13,,PG,機,機關用地
3478,34,17,,PED1,交廣,交通廣場用地
3479,34,17,,PED1,交廣,交通廣場用地
3480,34,17,,PED1,交廣,交通廣場用地
3481,77,17,,PED2,文廣,文化廣場用地
3482,42,18,,PTA,交,交通用地
3483,42,18,,PTA,交,交通用地
3484,41,10,,PSB,國小,國小用地
3485,49,13,,PFD1,抽,抽水站用地
3486,49,13,,PFD1,抽,抽水站用地
3487,49,7,,PFB,排水溝,排水溝用地
3488,32,19,,PEA,公,公園用地
3489,32,19,,PEA,公,公園用地
3490,384,13,,PGAE,機關社福,機關及社會福利設施用地
3491,50,53,,PA2,產業支援,產業支援設施用地
3492,32,19,,PEA,公,公園用地
3493,35,13,,PG,機,機關用地
3494,32,19,,PEA,公,公園用地
3495,35,13,,PG,機,機關用地
3496,46,18,,PUB1,變,變電所用地
3497,45,17,,PUG,油,加油站用地
3498,42,18,,PTA,交,交通用地
3499,35,13,,PG,機,機關用地
3500,358,13,,PGAF,社福機關,社會福利設施及機關用地
3501,41,10,,PSB,國小,國小用地
3502,35,13,,PG,機,機關用地
3503,148,18,,PTG3,捷,捷運系統用地
3504,148,18,,PTG3,捷,捷運系統用地
3505,32,19,,PEA,公,公園用地
3506,32,19,,PEA,公,公園用地
3507,32,19,,PEB,綠,綠地用地
3508,46,18,,PUB1,變,變電所用地
3509,42,18,,PTA,交,交通用地
3510,34,17,,PED,廣場,廣場用地
3511,34,17,,PED,廣場,廣場用地
3512,35,13,,PG,機,機關用地
3513,32,19,,PEA,公,公園用地
3514,32,19,,PEA,公,公園用地
3515,34,17,,PED,廣場,廣場用地
3516,44,13,,PUE1,自來水廠,自來水廠用地
3517,44,13,,PUE1,自來水廠,自來水廠用地
3518,44,13,,PUE1,自來水廠,自來水廠用地
3519,41,10,,PSF,大專,大專用地
3520,331,10,,PSA,文教用地,文教用地
3521,276,10,,PSE,高職,高職用地
3522,42,11,,PTA3,高速公路,高速公路用地
3523,39,16,,PMA,批,批發市場用地
3524,42,18,,PTA1,人行步道,人行步道用地
3525,42,18,,PTA1,人行步道,人行步道用地
3526,42,18,,PTA1,人行步道,人行步道用地
3527,35,16,,PGAB,服務中心,服務中心用地
3528,36,13,,PGAC,社福,社會福利設施用地
3529,34,17,,PED,廣場,廣場用地
3530,90,4,,PDA2,殯葬設施,殯葬設施用地
3531,90,4,,PDA2,殯葬設施,殯葬設施用地
3532,90,4,,PDA2,殯葬設施,殯葬設施用地
3533,90,4,,PDA2,殯葬設施,殯葬設施用地
3534,336,10,,PSA2,社教,社教用地
3535,32,19,,PEA,公,公園用地
3536,32,19,,PEA,公,公園用地
3537,32,19,,PEA,公,公園用地
3538,32,19,,PEA,公,公園用地
3539,42,18,,PTA,交,交通用地
3540,42,18,,PTA,交,交通用地
3541,34,17,,PED1,交廣,交通廣場用地
3542,32,19,,PEA,公,公園用地
3543,32,19,,PEA,公,公園用地
3544,35,13,,PG,機,機關用地
3545,35,13,,PG,機,機關用地
3546,35,13,,PG,機,機關用地
3547,35,13,,PG,機,機關用地
3548,35,13,,PG,機,機關用地
3549,33,19,,PEC3,動物園,動物園用地
3550,43,17,,PTR,道,道路用地
3551,43,17,,PTR,道,道路用地
3552,43,17,,PTR,道,道路用地
3553,35,13,,PG,機,機關用地
3554,32,19,,PEA,公,公園用地
3555,32,19,,PEA,公,公園用地
3556,32,19,,PEA,公,公園用地
3557,32,19,,PEA,公,公園用地
3558,35,13,,PG,機,機關用地
3559,41,10,,PSC,國中,國中用地
3560,41,10,,PSF3,台灣大學,台灣大學用地
3561,41,10,,PS,文,學校用地
3562,37,13,,PGC,軍事機關,軍事機關用地
3563,41,10,,PS,文,學校用地
3564,41,10,,PSF,大專,大專用地
3565,41,10,,PSF,大專,大專用地
3566,41,10,,PSF,大專,大專用地
3567,41,10,,PSF,大專,大專用地
3568,377,13,,PGAH,機(兼社福),機關用地兼供社會福利設施使用
3569,41,10,,PS,文,學校用地
3570,41,10,,PSB,國小,國小用地
3571,41,10,,PS,文,學校用地
3572,41,10,,PS,文,學校用地
3573,41,10,,PS,文,學校用地
3574,37,13,,PGC,軍事機關,軍事機關用地
3575,37,13,,PGC,軍事機關,軍事機關用地
3576,37,13,,PGC,軍事機關,軍事機關用地
3577,37,13,,PGC,軍事機關,軍事機關用地
3578,377,13,,PGAH,機(兼社福),機關用地兼供社會福利設施使用
3579,32,19,,PEA,公,公園用地
3580,35,13,,PG,機,機關用地
3581,48,5,,PFE,堤,堤防用地
3582,49,13,,PFD1,抽,抽水站用地
3583,48,5,,PFE,堤,堤防用地
3584,49,13,,PFD1,抽,抽水站用地
3585,49,13,,PFD1,抽,抽水站用地
3586,53,13,,O3,軍事會館,中央各軍事學校同學會館建築用地
3587,32,19,,PEA,公,公園用地
3588,148,18,,PTG3,捷,捷運系統用地
3589,41,10,,PSD,高中,高中用地
3590,32,19,,PEA,公,公園用地
3591,32,19,,PEA,公,公園用地
3592,35,13,,PG,機,機關用地
3593,49,7,,PFB,排水溝,排水溝用地
3594,32,19,,PEB,綠,綠地用地
3595,35,13,,PG,機,機關用地
3596,42,18,,PTA6,道路護坡,道路護坡用地
3597,35,13,,PG,機,機關用地
3598,35,13,,PG,機,機關用地
3599,35,13,,PG,機,機關用地
3600,48,5,,PFE,堤,堤防用地
3601,48,5,,PFE,堤,堤防用地
3602,42,11,,PTA3,高速公路,高速公路用地
3603,42,11,,PTA3,高速公路,高速公路用地
3604,42,11,,PTA3,高速公路,高速公路用地
3605,39,16,,PM,市,市場用地
3606,48,5,,PFE,堤,堤防用地
3607,41,10,,PSB,國小,國小用地
3608,41,10,,PSD,高中,高中用地
3609,35,13,,PG,機,機關用地
3610,32,19,,PEB,綠,綠地用地
3611,32,19,,PEA,公,公園用地
3612,32,19,,PEA,公,公園用地
3613,41,10,,PSB,國小,國小用地
3614,46,13,,PUC,電信,電信用地
3615,44,13,,PUE1,自來水廠,自來水廠用地
3616,44,13,,PUE1,自來水廠,自來水廠用地
3617,44,13,,PUE1,自來水廠,自來水廠用地
3618,44,13,,PUE1,自來水廠,自來水廠用地
3619,44,13,,PUE1,自來水廠,自來水廠用地
3620,44,13,,PUE1,自來水廠,自來水廠用地
3621,44,13,,PUE1,自來水廠,自來水廠用地
3622,32,19,,PEA,公,公園用地
3623,35,13,,PG,機,機關用地
3624,112,18,,PUB,電力,電力設施用地
3625,41,10,,PSB,國小,國小用地
3626,35,13,,PG,機,機關用地
3627,112,18,,PUB,電力,電力設施用地
3628,112,18,,PUB,電力,電力設施用地
3629,45,17,,PUG,油,加油站用地
3630,42,18,,PTA1,人行步道,人行步道用地
3631,41,10,,PSB,國小,國小用地
3632,33,19,,PEC2,體育場,體育場用地
3633,34,17,,PED1,交廣,交通廣場用地
3634,34,17,,PED1,交廣,交通廣場用地
3635,32,19,,PEA,公,公園用地
3636,42,18,,PTA,交,交通用地
3637,35,13,,PG,機,機關用地
3638,371,13,,PGAG,社福及機關,社福及機關用地
3639,32,19,,PEA,公,公園用地
3640,32,19,,PEA,公,公園用地
3641,48,5,,PFE,堤,堤防用地
3642,44,13,,PUE1,自來水廠,自來水廠用地
3643,32,19,,PEA,公,公園用地
3644,40,18,,PPA,垃圾處理場,垃圾處理場用地
3645,40,18,,PPA,垃圾處理場,垃圾處理場用地
3646,42,18,,PTAA,橋樑用地,橋樑用地
3647,112,18,,PUB,電力,電力設施用地
3648,112,18,,PUB,電力,電力設施用地
3649,32,19,,PEA,公,公園用地
3650,32,19,,PEA,公,公園用地
3651,42,11,,PTA3,高速公路,高速公路用地
3652,41,10,,PSC,國中,國中用地
3653,36,13,,PGAC,社福,社會福利設施用地
3654,45,17,,PUG,油,加油站用地
3655,39,16,,PM,市,市場用地
3656,32,19,,PEA,公,公園用地
3657,32,19,,PEA,公,公園用地
3658,36,13,,PGAC,社福,社會福利設施用地
3659,32,19,,PEA,公,公園用地
3660,32,19,,PEA,公,公園用地
3661,42,18,,PTA,交,交通用地
3662,42,18,,PTA1,人行步道,人行步道用地
3663,35,13,,PG,機,機關用地
3664,41,10,,PSF2,師專,師專用地
3665,148,18,,PTG3,捷,捷運系統用地
3666,35,13,,PG,機,機關用地
3667,42,18,,PTA,交,交通用地
3668,42,18,,PTA,交,交通用地
3669,42,18,,PTA,交,交通用地
3670,42,18,,PTA,交,交通用地
3671,42,18,,PTA,交,交通用地
3672,41,10,,PSF6,警校,警察學校用地
3673,42,18,,PTA,交,交通用地
3674,32,19,,PEA,公,公園用地
3675,41,10,,PSB,國小,國小用地
3676,35,13,,PG,機,機關用地
3677,32,19,,PEA,公,公園用地
3678,46,18,,PUB1,變,變電所用地
3679,46,18,,PUB1,變,變電所用地
3680,46,18,,PUB1,變,變電所用地
3681,46,18,,PUB1,變,變電所用地
3682,46,18,,PUB1,變,變電所用地
3683,49,13,,PFD1,抽,抽水站用地
3684,381,13,,PGAI,衛福,衛生及社會福利設施用地
3685,35,13,,PG,機,機關用地
3686,32,19,,PEA,公,公園用地
3687,35,13,,PG,機,機關用地
3688,39,16,,PM,市,市場用地
3689,32,19,,PEA,公,公園用地
3690,32,19,,PEA,公,公園用地
3691,35,13,,PG,機,機關用地
3692,32,19,,PEA,公,公園用地
3693,32,19,,PEA,公,公園用地
3694,32,19,,PEA,公,公園用地
3695,112,18,,PUB,電力,電力設施用地
3696,42,18,,PTA,交,交通用地
3697,42,18,,PTA,交,交通用地
3698,42,18,,PTA,交,交通用地
3699,276,10,,PSE,高職,高職用地
3700,148,18,,PTG3,捷,捷運系統用地
3701,148,18,,PTG3,捷,捷運系統用地
3702,148,18,,PTG3,捷,捷運系統用地
3703,148,18,,PTG3,捷,捷運系統用地
3704,148,18,,PTG3,捷,捷運系統用地
3705,148,18,,PTG3,捷,捷運系統用地
3706,41,10,,PSB,國小,國小用地
3707,32,19,,PEA,公,公園用地
3708,49,13,,PFD1,抽,抽水站用地
3709,35,13,,PG,機,機關用地
3710,219,18,,PTG4,捷(兼道),捷運系統用地(兼供道路使用)
3711,219,18,,PTG4,捷(兼道),捷運系統用地(兼供道路使用)
3712,219,18,,PTG4,捷(兼道),捷運系統用地(兼供道路使用)
3713,371,13,,PGAG,社福及機關,社福及機關用地
3714,32,19,,PEA,公,公園用地
3715,41,10,,PSC,國中,國中用地
3716,32,19,,PEA,公,公園用地
3717,32,19,,PEA,公,公園用地
3718,32,19,,PEA,公,公園用地
3719,38,13,,PHC,醫療,醫療用地
3720,336,10,,PSA2,社教,社教用地
3721,32,19,,PEA,公,公園用地
3722,32,19,,PEA,公,公園用地
3723,35,13,,PG,機,機關用地
3724,384,13,,PGAE,機關社福,機關及社會福利設施用地
3725,384,13,,PGAE,機關社福,機關及社會福利設施用地
3726,35,13,,PG,機,機關用地
3727,35,13,,PG,機,機關用地
3728,32,19,,PEA,公,公園用地
3729,32,19,,PEA,公,公園用地
3730,35,13,,PG,機,機關用地
3731,41,10,,PSC,國中,國中用地
3732,35,13,,PG,機,機關用地
3733,35,13,,PG,機,機關用地
3734,377,13,,PGAH,機(兼社福),機關用地兼供社會福利設施使用
3735,32,19,,PEA,公,公園用地
3736,32,19,,PEA,公,公園用地
3737,32,19,,PEA,公,公園用地
3738,112,18,,PUB,電力,電力設施用地
3739,112,18,,PUB,電力,電力設施用地
3740,42,18,,PTA,交,交通用地
3741,32,19,,PEA,公,公園用地
3742,371,13,,PGAG,社福及機關,社福及機關用地
3743,41,10,,PSF7,藝術大學,國立臺北藝術大學用地
3744,32,19,,PEA,公,公園用地
3745,35,13,,PG,機,機關用地
3746,32,19,,PEA,公,公園用地
3747,35,13,,PG,機,機關用地
3748,112,18,,PUB,電力,電力設施用地
3749,42,18,,PTA,交,交通用地
3750,41,10,,PS,文,學校用地
3751,49,7,,PFB,排水溝,排水溝用地
3752,41,10,,PS,文,學校用地
3753,49,13,,PFD1,抽,抽水站用地
3754,35,13,,PG,機,機關用地
3755,390,13,,PGAM,社福機關,社福及機關用地
3756,390,13,,PGAM,社福機關,社福及機關用地
3757,390,13,,PGAM,社福機關,社福及機關用地
3758,390,13,,PGAM,社福機關,社福及機關用地
3759,390,13,,PGAM,社福機關,社福及機關用地
3760,397,13,,PGAO,社福及機關,社福及機關用地(供本府及相關單位公務使用)
3761,397,13,,PGAO,社福及機關,社福及機關用地(供本府及相關單位公務使用)
3762,397,13,,PGAO,社福及機關,社福及機關用地(供本府及相關單位公務使用)
3763,375,13,,PG3,機,機關用地(供中央機關使用)
3764,397,13,,PGAO,社福及機關,社福及機關用地(供本府及相關單位公務使用)
3765,389,13,,PGAJ,社福機關,社福及機關用地(供本府及相關單位公務使用)
3766,389,13,,PGAJ,社福機關,社福及機關用地(供本府及相關單位公務使用)
3767,389,13,,PGAJ,社福機關,社福及機關用地(供本府及相關單位公務使用)
3768,389,13,,PGAJ,社福機關,社福及機關用地(供本府及相關單位公務使用)
3769,32,19,,PEA,公,公園用地
3770,41,10,,PSB,國小,國小用地
3771,390,13,,PGAM,社福機關,社福及機關用地
3772,390,13,,PGAM,社福機關,社福及機關用地
3773,32,19,,PEA,公,公園用地
3774,390,13,,PGAM,社福機關,社福及機關用地
3775,32,19,,PEA,公,公園用地
3776,44,13,,PUE3,自來水工程,自來水工程用地
3777,397,13,,PGAP,衛福機關,衛福及機關用地
3778,41,10,,PSB,國小,國小用地
3779,35,13,,PG,機,機關用地
3780,35,13,,PG,機,機關用地
3781,35,13,,PG,機,機關用地
3782,35,13,,PG,機,機關用地
3783,49,13,,PFD1,抽,抽水站用地
3784,41,10,,PSC,國中,國中用地
3785,390,13,,PGAM,社福機關,社福及機關用地
3786,32,19,,PEA,公,公園用地
3787,112,18,,PUB,電力,電力設施用地
3788,112,18,,PUB,電力,電力設施用地
3789,112,18,,PUB,電力,電力設施用地
3790,112,18,,PUB,電力,電力設施用地
3791,112,18,,PUB,電力,電力設施用地
3792,112,18,,PUB,電力,電力設施用地
3793,112,18,,PUB,電力,電力設施用地
3794,112,18,,PUB,電力,電力設施用地
3795,112,18,,PUB,電力,電力設施用地
3796,41,10,,PSB,國小,國小用地
3797,42,18,,PTA,交,交通用地
3798,42,18,,PTA,交,交通用地
3799,42,18,,PTA,交,交通用地
3800,42,18,,PTA,交,交通用地
3801,42,18,,PTA,交,交通用地
3802,42,18,,PTA,交,交通用地
3803,42,18,,PTA,交,交通用地
3804,42,18,,PTA,交,交通用地
3805,42,18,,PTA,交,交通用地
3806,42,18,,PTA,交,交通用地
3807,42,18,,PTA,交,交通用地
3808,42,18,,PTA,交,交通用地
3809,42,18,,PTA,交,交通用地
3810,42,18,,PTA,交,交通用地
3811,42,18,,PTA,交,交通用地
3812,42,18,,PTA,交,交通用地
3813,112,18,,PUB,電力,電力設施用地
3814,112,18,,PUB,電力,電力設施用地
3815,42,18,,PTA,交,交通用地
3816,42,18,,PTA,交,交通用地
3817,112,18,,PUB,電力,電力設施用地
3818,41,10,,PSB,國小,國小用地
3819,32,19,,PEA,公,公園用地
3820,42,18,,PTA,交,交通用地
3821,42,18,,PTA,交,交通用地
3822,148,18,,PTG3,捷,捷運系統用地
3823,219,18,,PTG4,捷(兼道),捷運系統用地(兼供道路使用)
3824,148,18,,PTG3,捷,捷運系統用地
3825,32,19,,PEA,公,公園用地
3826,36,13,,PGAC,社福,社會福利設施用地
3827,34,17,,PED,廣場,廣場用地
3828,42,18,,PTA,交,交通用地
3829,35,13,,PG,機,機關用地
3830,50,34,,PDB,墓,公墓用地
3831,50,34,,PDB,墓,公墓用地
3832,50,34,,PDB,墓,公墓用地
3833,50,34,,PDB,墓,公墓用地
3834,50,34,,PDB,墓,公墓用地
3835,50,34,,PDB,墓,公墓用地
3836,50,34,,PDB,墓,公墓用地
3837,50,34,,PDB,墓,公墓用地
3838,50,34,,PDB,墓,公墓用地
3839,50,34,,PDB,墓,公墓用地
3840,50,34,,PDB,墓,公墓用地
